call_id,O-A-overtalk-incidents,O-A-overtalk-ratio,O-C-overtalk-incidents,O-C-overtalk-ratio,O-overtalk-incidents,O-overtalk-ratio,S-A-intra-call-change-in-sentiment,S-A-sentiment,S-call-change-in-sentiment,S-call-sentiment,S-C-intra-call-change-in-sentiment,S-C-sentiment,TST-A-intra-call-change-in-pitch,TST-A-intra-call-change-in-relative-voice-volume-energy,TST-A-relative-voice-volume-energy,TST-A-voice-dynamism-std-dev-score,TST-C-intra-call-change-in-pitch,TST-C-intra-call-change-in-relative-voice-volume-energy,TST-C-relative-voice-volume-energy,TST-C-voice-dynamism-std-dev-score,TTR-A-average-streak,TTR-A-intra-call-change-in-talk-rate,TTR-A-longest-streak,TTR-A-median-streak,TTR-A-talk-rate,TTR-A-talk-ratio,TTR-A-to-C-talk-rate-ratio,TTR-average-streak,TTR-C-average-streak,TTR-C-intra-call-change-in-talk-rate,TTR-C-longest-streak,TTR-C-median-streak,TTR-C-talk-rate,TTR-C-talk-ratio,TTR-longest-streak,TTR-median-streak,TTR-silence-incidents,TTR-silence-ratio
2013,12,0.092217,9,0.025426,21,0.11764300000000001,1.032609,0.8170729999999999,1.0748440000000001,0.865079,1.037037,0.9545450000000001,1.096268,0.6928979999999999,2.494946,6.965114,0.9247110000000001,0.684991,0.493374,3.100123,19.736,0.929434,103.007,8.466000000000001,186,0.829089,0.869159,13.614,6.728,0.997099,25.205,4.252,214,0.297863,103.007,6.98,0,0.07332799999999999
2022,8,0.42677,8,0.106332,16,0.5331020000000001,1.079365,0.875,1.406061,0.813333,1.5,0.771429,0.929475,0.6243340000000001,2.117359,7.6772979999999995,3.1431009999999997,1.9375740000000001,1.534316,7.857861,26.293000000000003,0.890279,67.473,23.148000000000003,188,0.8613200000000001,0.8430489999999999,19.317999999999998,13.894,0.8842979999999999,47.39,11.091,223,0.68252,67.473,14.296,0,0.019745
2023,63,0.384011,49,0.306236,112,0.690247,1.0714290000000002,0.85906,1.0906879999999999,0.8805459999999999,1.114286,0.9027780000000001,1.0086190000000002,0.598132,1.6270870000000002,7.180012,1.703366,1.044799,0.934298,6.4619349999999995,19.822,0.7197600000000001,62.893,17.163,193,0.880918,1.0,29.89,39.957,0.952149,194.10299999999998,23.451,193,0.892957,194.10299999999998,23.143,2,0.10806400000000001
2061,12,0.133047,31,0.120795,43,0.253842,1.087912,0.8064520000000001,0.9516,0.7763979999999999,0.9469700000000001,0.757576,0.8828309999999999,0.889317,2.570245,8.593836,0.951247,0.9734790000000001,2.418648,11.56678,7.367000000000001,0.987885,38.244,3.09,240,0.449974,1.182266,9.421,12.503,1.15022,53.011,7.434,203,0.8223530000000001,53.011,5.229,0,0.064051
2085,18,0.096447,9,0.014408,27,0.110855,1.3894739999999999,0.8358209999999999,1.110215,0.8629030000000001,0.8720540000000001,0.8947370000000001,0.919143,1.388388,3.908152,12.17366,1.070824,1.111932,0.614694,3.921331,22.701999999999998,0.9235639999999999,99.199,13.602,156,0.83849,0.7536229999999999,13.989,4.793,0.846456,14.66,3.265,207,0.284987,99.199,5.763999999999999,4,0.102225
2129,9,0.025064,17,0.155277,26,0.180341,1.04,0.764706,1.094737,0.793103,1.126667,0.833333,0.994123,0.31702199999999997,1.5779729999999998,5.8460410000000005,1.018851,1.247673,0.817128,4.1882980000000005,8.394,1.0632030000000001,15.31,8.445,176,0.767008,1.121019,8.177,8.078,1.329304,50.549,4.61,157,0.431228,50.549,5.7410000000000005,2,0.090275
2163,9,0.23447300000000001,5,0.066403,14,0.30087600000000003,1.066667,0.666667,0.818182,0.673077,0.583333,0.6875,0.99077,1.134411,2.27498,6.4611790000000004,1.071539,0.725518,2.234686,10.2646,18.053,1.1446100000000001,20.442,19.73,171,0.914278,0.8423649999999999,10.086,6.102,1.012987,17.952,4.838,203,0.41551499999999997,20.442,6.52,0,0.08768300000000001
2228,5,0.07663400000000001,3,0.017766999999999998,8,0.094401,0.8627450000000001,0.782609,0.8804350000000001,0.8351649999999999,0.933333,0.8888889999999999,1.7786970000000002,0.8094180000000001,2.369522,8.342661,1.009863,2.311147,1.620551,7.569075,39.449,1.000398,94.891,31.788,168,0.719434,0.870466,22.6,11.368,1.166258,42.276,9.27,193,0.37937,94.891,14.91,0,0.04456
2234,21,0.562134,13,0.289997,34,0.852131,0.7875,0.8255809999999999,0.912425,0.813253,1.032258,0.8,1.041044,1.067268,1.136847,4.885194,1.425489,0.758422,1.223216,7.4715869999999995,77.485,1.203746,184.266,53.711999999999996,161,0.943258,0.9640719999999999,61.038000000000004,33.628,0.8935280000000001,83.51700000000001,15.357000000000001,167,0.9511870000000001,184.266,46.946000000000005,0,0.047307999999999996
2243,9,0.035578,11,0.009059999999999999,20,0.044638,0.957983,0.8684209999999999,0.862408,0.8660709999999999,0.818182,0.864865,1.025966,1.173481,1.996634,6.604177,1.038316,1.648753,1.18117,5.828543,8.123,0.937586,30.504,5.124,171,0.33217199999999997,1.0,13.934000000000001,21.796,0.81719,72.21300000000001,10.49,171,0.715793,72.21300000000001,7.681,0,0.069353
2246,5,0.045646,18,0.18850699999999998,23,0.234154,0.9930559999999999,0.826923,0.761905,0.8252430000000001,0.625,0.803922,1.003995,0.912364,2.064418,5.646852,0.8703770000000001,1.543348,1.071129,5.695889,13.1,0.949521,46.784,6.523,163,0.616698,1.0251569999999999,14.43,15.686,1.025267,74.3,12.332,159,0.634001,74.3,8.22,0,0.065999
2250,10,0.19195299999999998,11,0.302722,21,0.494675,0.950311,0.7536229999999999,0.9805709999999999,0.757895,0.9917360000000001,0.769231,0.932056,0.814416,1.4051360000000002,5.5813440000000005,0.944686,0.633474,2.299169,10.065339999999999,77.346,1.19709,77.346,77.346,217,0.975628,1.2690059999999999,16.846,11.345999999999998,1.055187,37.534,12.092,171,0.5367930000000001,77.346,13.104000000000001,0,0.034631999999999996
2260,11,0.731042,3,0.061265999999999994,14,0.792308,0.894444,0.7875,0.903541,0.8398059999999999,0.8731909999999999,0.873016,1.02085,1.173866,3.590666,9.116095,1.0523049999999998,0.8981020000000001,1.0691110000000001,7.832284,68.944,0.993202,124.559,88.03299999999999,139,0.8124060000000001,0.879747,67.97800000000001,61.221000000000004,1.334891,61.221000000000004,61.221000000000004,158,0.9870950000000001,124.559,74.627,0,0.008997
2286,46,0.28520700000000004,22,0.11799200000000001,68,0.403199,0.956044,0.87234,1.038092,0.8728319999999999,1.110016,0.873418,0.917573,0.901328,1.1549969999999998,4.377487,0.972434,1.7177200000000001,1.153908,7.951949000000001,17.285999999999998,0.854474,85.318,11.095999999999998,137,0.8268709999999999,0.85625,13.103,8.222999999999999,0.803617,23.291,7.702999999999999,160,0.624528,85.318,8.886000000000001,0,0.10678
2288,17,0.167943,17,0.388489,34,0.556433,1.160998,0.763158,1.205234,0.753731,1.214286,0.741379,1.103747,0.804277,2.874319,8.93367,0.966374,1.030098,0.828425,5.548690000000001,18.430999999999997,0.786687,58.168,14.796,168,0.775466,0.933333,18.985,19.539,1.026142,42.104,19.489,180,0.7924829999999999,58.168,15.927,0,0.020277
2292,24,0.257882,18,0.322782,42,0.5806640000000001,0.950142,0.8205129999999999,0.892244,0.8220860000000001,0.837535,0.8235290000000001,0.9927950000000001,0.720079,1.827261,6.46595,1.4418,0.88349,1.225333,8.119827,14.537,0.7273310000000001,43.956,13.369000000000002,161,0.6983159999999999,0.947059,18.609,30.825,1.031995,57.246,29.74,170,0.9062370000000001,57.246,14.572000000000001,0,0.039514999999999995
2298,18,0.265759,18,0.110247,36,0.376006,1.125,0.867925,1.118881,0.855556,1.090909,0.837838,1.034418,0.970166,1.98849,8.529022,1.087158,0.64479,0.689701,3.350275,16.919,1.19232,36.321,16.782,136,0.8480719999999999,0.84472,10.431,7.699,1.324553,21.311,5.65,161,0.5527770000000001,36.321,8.452,0,0.061978
2301,7,0.130799,7,0.082813,14,0.213612,1.168831,0.783784,0.9615379999999999,0.818182,0.714286,0.827586,1.038824,1.267363,1.605481,6.442366000000001,0.881893,1.145718,0.7083649999999999,4.026187999999999,15.592,1.004338,44.208,13.88,194,0.7258859999999999,1.089888,10.929,7.537999999999999,1.169749,23.885,4.423,178,0.501976,44.208,7.33,0,0.062537
2313,18,0.127377,13,0.074779,31,0.202156,1.025641,0.891892,0.9236110000000001,0.8245610000000001,0.8822059999999999,0.805195,0.929474,1.108924,2.839378,8.535112,0.971806,0.836707,1.178741,7.225122,6.74,0.914408,19.102,4.95,194,0.318432,1.197531,13.052,21.791999999999998,1.106077,73.34,14.732000000000001,162,0.8976059999999999,73.34,8.263,1,0.06425299999999999
2320,21,0.112473,36,0.409477,57,0.52195,0.743007,0.8,0.886792,0.8284020000000001,1.018027,0.848485,0.9696370000000001,0.959781,2.015056,5.833158,1.011701,0.793657,0.8307120000000001,6.498048000000001,12.38,0.8038069999999999,57.835,8.556000000000001,194,0.6927220000000001,0.979798,17.538,26.708000000000002,1.244852,51.004,23.506,198,0.8815139999999999,57.835,11.251,0,0.091053
2334,25,0.126844,25,0.052557000000000006,50,0.179401,1.037037,0.8260870000000001,1.128971,0.867052,1.171875,0.894231,1.07955,0.9974700000000001,1.117075,4.419928,1.036518,1.0012940000000001,0.996338,5.113005,6.13,1.2794450000000002,28.773000000000003,3.9939999999999998,235,0.417911,1.335227,9.163,15.228,0.933474,77.717,10.495,176,0.783759,77.717,6.0360000000000005,0,0.101031
2341,47,0.42518500000000004,34,0.206581,81,0.6317659999999999,1.0542639999999999,0.836066,0.96114,0.842342,0.9103450000000001,0.85,0.985964,0.6840350000000001,0.951818,5.356987999999999,0.9488139999999999,1.095557,0.987786,5.601762,26.921999999999997,1.331285,26.921999999999997,26.921999999999997,182,0.9683620000000001,0.9629629999999999,33.66,34.334,1.227982,84.81200000000001,27.576999999999998,189,0.701294,84.81200000000001,26.921999999999997,0,0.05658099999999999
2348,15,0.076288,6,0.011134,21,0.087422,0.892157,0.764706,0.9962260000000001,0.8188409999999999,1.074074,0.850575,1.0051219999999998,0.6957270000000001,2.068355,5.811866,1.060284,0.771993,1.280059,8.325130999999999,5.825,1.174675,27.87,3.11,191,0.326073,1.1717790000000001,9.317,17.646,1.127029,70.765,9.064,163,0.764649,70.765,5.761,1,0.068868
2361,12,0.153029,10,0.132937,22,0.285966,1.0119049999999998,0.792453,1.094634,0.822034,1.114187,0.8461540000000001,1.0097129999999999,1.2781420000000001,2.007987,5.139855000000001,1.006545,1.400636,1.1204399999999999,6.513419,32.244,1.214013,101.971,28.345,192,0.607437,1.010526,22.500999999999998,15.007,1.083719,61.633,5.99,190,0.686105,101.971,10.284,0,0.025807999999999998
2363,70,0.39796,58,0.263916,128,0.661876,1.196,0.8169930000000001,1.1818959999999998,0.835526,1.149733,0.854305,1.065441,0.908352,1.242695,6.538179,1.05328,1.17413,1.0844719999999999,8.598044999999999,21.357,0.971606,37.922,18.432000000000002,181,0.932564,1.560345,18.562,17.672,0.8257209999999999,51.098,8.597000000000001,116,0.77689,51.098,15.703,0,0.06704
2390,24,0.27713699999999997,15,0.115006,39,0.392144,1.09375,0.8536590000000001,1.092567,0.853503,1.079365,0.853333,0.471254,0.995576,3.48803,9.159980000000001,1.587443,0.866185,1.8644580000000002,8.807345,16.067,1.065231,48.911,13.635,170,0.721064,0.9239129999999999,14.062000000000001,11.856,0.9499780000000001,28.717,10.85,184,0.686933,48.911,11.927999999999999,0,0.038857
2409,12,0.148225,13,0.21443299999999998,25,0.362658,0.95,0.913043,1.038424,0.887755,1.148325,0.8653850000000001,0.841564,1.1467120000000002,1.566813,5.284317,0.9812299999999999,0.530413,0.666319,3.552283,12.285,0.9980559999999999,37.527,9.539,198,0.7161310000000001,1.010204,12.308,12.323,0.9087120000000001,25.57,11.522,196,0.655458,37.527,10.76,0,0.023885
2418,23,0.41085299999999997,18,0.18854,41,0.5993930000000001,1.035714,0.852941,1.128707,0.870647,1.288889,0.8888889999999999,1.8551669999999998,0.806358,1.797306,6.7726,1.009571,1.53051,0.9433,5.024258000000001,30.081999999999997,0.9647600000000001,80.382,19.896,180,0.940824,0.9890110000000001,32.55,34.031,1.4541680000000001,91.936,32.106,182,0.702886,91.936,28.358,1,0.068846
2424,17,0.25000100000000003,19,0.165549,36,0.41555,1.0448979999999999,0.889908,0.948276,0.8963409999999999,0.8761899999999999,0.8909090000000001,0.639338,1.151728,1.8141209999999999,6.264133999999999,1.020102,1.221151,0.9606040000000001,4.714528,12.177,0.954411,22.991,7.437,151,0.9759899999999999,1.006667,10.199,9.818,0.753817,50.983999999999995,2.72,150,0.469642,50.983999999999995,4.4719999999999995,0,0.067504
2454,19,0.095196,21,0.271741,40,0.366937,0.898438,0.867347,0.9133180000000001,0.8375,0.9037430000000001,0.790323,2.6281060000000003,1.040016,3.9607620000000003,11.026589999999999,1.055344,1.17124,1.375692,6.595953999999999,20.229,0.9248,56.495,16.55,177,0.862775,0.8468899999999999,12.436,7.89,1.115235,43.763999999999996,2.695,209,0.5179819999999999,56.495,6.306,0,0.036297
2467,22,0.125341,30,0.40937199999999996,52,0.534713,0.6381819999999999,0.810127,0.8083199999999999,0.84264,0.885417,0.8644069999999999,0.9922799999999999,0.996092,2.316489,7.291780999999999,0.993334,1.043083,0.633783,5.3723790000000005,14.92,0.694224,75.126,12.1,153,0.633937,1.085106,16.492,25.529,1.052475,87.43,6.322,141,0.939572,87.43,11.02,0,0.067646
2478,13,0.300448,25,0.323334,38,0.623782,1.1169870000000002,0.815126,1.111741,0.811224,1.085389,0.805195,1.040403,0.748518,1.1179620000000001,4.7878989999999995,0.9453229999999999,0.9909540000000001,1.032849,5.8057870000000005,2.62,1.021018,2.62,2.62,133,0.982408,0.76,19.302,20.136,0.378947,73.874,12.992,175,0.670904,73.874,12.663,0,0.0452
2498,10,0.024531,5,0.053545,15,0.07807599999999999,0.722222,0.794872,0.764368,0.802632,0.833333,0.783784,1.090492,1.4338629999999999,1.2202110000000002,4.419706,0.943893,1.40733,1.028724,5.184432,9.09,1.0158209999999999,26.263,4.516,201,0.45806899999999995,1.477941,11.415,14.515,0.885489,48.011,12.21,136,0.6259819999999999,48.011,8.174,0,0.07109299999999999
2508,11,0.05276599999999999,4,0.002368,15,0.055134,0.9822219999999999,0.847458,0.998919,0.864583,0.9705879999999999,0.864865,1.087998,1.348374,2.533672,7.9927529999999996,0.9674389999999999,0.8492870000000001,1.9515209999999998,8.06814,19.403,0.9274459999999999,137.752,2.843,142,0.7090350000000001,0.9161290000000001,16.749000000000002,12.767999999999999,1.005751,36.482,7.024,155,0.349002,137.752,4.713,0,0.050013999999999996
2515,13,0.20238699999999998,11,0.26836,24,0.470746,0.979592,0.825,0.904167,0.833333,0.8863639999999999,0.8260870000000001,0.796752,0.8364229999999999,1.517259,4.601147,0.9640770000000001,0.7879430000000001,1.1991379999999998,7.107674,19.999000000000002,1.407302,80.067,2.7939999999999996,138,0.5100020000000001,0.802326,19.36,17.57,1.013895,39.985,10.74,172,0.9741120000000001,80.067,3.5810000000000004,0,0.027612
2536,31,0.207961,28,0.07363,59,0.281591,0.9873770000000001,0.936709,0.955466,0.8563219999999999,1.004464,0.8,1.0258459999999998,0.8615870000000001,2.0036099999999997,6.427942,1.0189709999999998,1.204683,0.8441850000000001,4.231599,6.966,0.9158729999999999,23.759,5.07,205,0.6128060000000001,1.0199,8.378,9.693,0.892035,40.418,5.981,201,0.691032,40.418,5.35,0,0.073219
2553,12,0.080688,11,0.08530499999999999,23,0.165993,1.285714,0.755556,1.3842860000000001,0.8217049999999999,1.440404,0.857143,0.927009,0.42645299999999997,3.181754,9.33543,1.097924,0.892302,1.017297,5.257153,6.84,1.290348,20.662,5.681,177,0.35065999999999997,1.0290700000000002,11.27,19.392,0.997713,66.583,12.720999999999998,172,0.82585,66.583,7.438,0,0.059586
2591,12,0.22207600000000002,14,0.395868,26,0.6179439999999999,1.1228069999999999,0.8214290000000001,1.1038459999999999,0.787879,1.028807,0.763158,1.038289,1.0227950000000001,4.487372,10.69099,0.9806959999999999,1.204541,1.006825,8.342989,48.949,0.737705,137.19,40.144,220,0.644511,1.1764709999999998,47.865,39.19,1.034714,39.19,39.19,187,0.981593,137.19,39.19,0,0.013032
2600,38,0.356937,36,0.16337100000000002,74,0.520309,1.073132,0.8538459999999999,1.0473629999999998,0.84141,1.003968,0.824742,0.693339,0.842572,1.047535,5.07993,1.025072,1.700348,1.260789,6.851538000000001,26.974,0.898948,77.15100000000001,12.827,139,0.9251309999999999,0.6261260000000001,17.872,16.217,1.000889,51.405,14.633,222,0.623757,77.15100000000001,12.855,0,0.052066999999999995
2622,14,0.074542,16,0.147609,30,0.22215100000000002,0.8380569999999999,0.746479,0.854167,0.780488,0.860294,0.826923,0.982294,1.027795,1.60279,6.972336,1.007301,1.091459,1.017208,5.884769,9.68,0.8469770000000001,29.833000000000002,5.667999999999999,215,0.607481,1.5467629999999999,10.617,11.398,0.9223950000000001,51.184,5.867000000000001,139,0.629815,51.184,5.667999999999999,0,0.063823
2642,9,0.047827,15,0.346933,24,0.39476,0.8735629999999999,0.86,0.951923,0.8551719999999999,0.9591569999999999,0.863158,1.011241,0.989202,1.860795,4.624229,0.590531,0.609919,1.064442,5.9820199999999994,14.08,0.8641840000000001,29.87,13.415,219,0.45691400000000004,1.177419,32.492,69.315,0.8455959999999999,139.019,62.93600000000001,186,0.9412149999999999,139.019,18.111,0,0.008463
2668,20,0.421012,13,0.097965,33,0.5189779999999999,0.8,0.714286,0.994375,0.765152,0.933786,0.8,1.0542340000000001,1.205623,2.437497,6.821045,0.949923,0.8623379999999999,1.601214,8.443871000000001,16.162,0.8930809999999999,54.326,6.678,190,0.596111,0.984456,19.831,28.217,1.1836799999999998,39.208,30.41,193,0.9365959999999999,54.326,13.815999999999999,0,0.025554
2697,14,0.18290399999999998,13,0.406566,27,0.5894699999999999,0.841146,0.802632,0.8791709999999999,0.815603,0.8641979999999999,0.8307690000000001,1.071135,0.834649,3.05418,7.687367,0.967676,0.902523,1.0208,7.743398,25.495,1.1155760000000001,98.421,17.601,173,0.830938,1.005814,23.58,22.486,1.0972680000000001,105.184,12.520999999999999,172,0.768671,105.184,16.515,0,0.016909999999999998
2706,9,0.06727000000000001,9,0.138666,18,0.205936,1.375,0.816901,1.1847290000000001,0.854701,1.020833,0.8913040000000001,1.027756,1.033852,3.61425,9.421539,0.971407,1.212788,2.693077,12.51716,22.703000000000003,1.0478020000000001,123.381,12.475,172,0.802217,0.977273,17.014,11.958,1.120017,58.809,7.542000000000001,176,0.41424399999999995,123.381,8.674,0,0.048624
2708,29,0.16518,7,0.071225,36,0.23640500000000003,0.8578600000000001,0.864865,0.9014629999999999,0.874074,0.913043,0.8852459999999999,0.9225540000000001,1.0209709999999999,1.450056,5.072747,0.908739,1.021311,0.934326,6.4038330000000006,12.556,1.198122,77.524,6.273,167,0.734445,1.128378,14.300999999999998,17.169,0.9346770000000001,62.343999999999994,13.843,148,0.530231,77.524,8.15,1,0.106182
2714,8,0.017786,20,0.113802,28,0.13158699999999998,0.962406,0.8852459999999999,0.9447200000000001,0.8852459999999999,0.8712120000000001,0.901639,0.961125,1.118709,3.045621,9.612101,0.315467,0.93342,0.79464,4.021653,12.607000000000001,1.133343,43.864,7.19,167,0.6131989999999999,0.9940479999999999,12.136,11.642000000000001,0.9386059999999999,30.014,9.165,168,0.522717,43.864,7.69,0,0.03185
2718,23,0.36996399999999996,11,0.018975,34,0.388939,0.851613,0.783505,1.04,0.780645,1.32,0.7758619999999999,1.055394,1.269975,0.9728469999999999,3.8115339999999995,0.9148729999999999,1.182052,1.127014,5.200093,26.308000000000003,1.454151,73.221,19.894000000000002,170,0.864732,0.9497209999999999,15.735,7.278,0.8954219999999999,49.016000000000005,4.002,179,0.541855,73.221,7.97,0,0.048166
2723,37,0.325187,30,0.189532,67,0.5147189999999999,1.018519,0.929134,1.022853,0.920502,1.022928,0.9107139999999999,2.16379,0.661998,1.025109,4.547442,1.035138,1.224377,0.929156,4.922295,25.148000000000003,1.114744,39.385999999999996,25.148000000000003,158,0.9491950000000001,0.728111,18.569000000000003,17.942,0.62337,51.976000000000006,13.29,217,0.5934159999999999,51.976000000000006,13.29,0,0.051404
2742,9,0.24906399999999998,8,0.189797,17,0.43886099999999995,1.066667,0.833333,0.962406,0.830189,0.923077,0.825,1.008362,0.9031879999999999,1.2063549999999998,2.952681,1.022392,0.9927239999999999,2.265905,8.241221000000001,8.168,1.2781850000000001,9.88,8.168,162,0.985137,0.848168,19.258,21.476,2.172813,55.95,21.906999999999996,191,0.47416899999999995,55.95,14.977,1,0.044512
2764,30,0.216758,29,0.317027,59,0.5337850000000001,0.9722219999999999,0.8644069999999999,0.9813129999999999,0.8888889999999999,0.9930559999999999,0.9295770000000001,0.978088,0.9123709999999999,1.912668,5.207927,0.932055,1.2003409999999999,1.632082,7.493747,16.149,1.093439,30.831999999999997,13.497,168,0.962516,1.012048,12.254000000000001,11.697000000000001,1.238262,37.288000000000004,8.035,166,0.610438,37.288000000000004,8.152999999999999,0,0.068364
2779,14,0.25761100000000003,14,0.127129,28,0.38474,0.666667,0.777778,1.084402,0.809091,1.245059,0.8392860000000001,1.100501,1.075284,1.758763,5.503430000000001,0.959674,0.772986,1.217999,7.280588000000001,13.919,0.670296,30.671,11.610999999999999,204,0.593781,1.207101,19.160999999999998,24.840999999999998,0.781991,85.81700000000001,13.449000000000002,169,0.800134,85.81700000000001,12.585999999999999,0,0.02329
2782,24,0.336696,19,0.299284,43,0.635979,0.989783,0.857143,1.0021870000000002,0.8656719999999999,0.9818180000000001,0.88,0.9531129999999999,2.786726,1.346641,5.893019000000001,0.954794,1.053784,0.9629209999999999,4.96224,84.936,1.24084,119.615,84.936,214,0.9451940000000001,1.114583,39.268,26.219,1.377242,73.851,20.505,192,0.697976,119.615,25.604,0,0.011181
2784,14,0.35462,15,0.39432399999999995,29,0.748943,1.073864,0.8252430000000001,1.035156,0.8231709999999999,1.0,0.819672,0.953147,1.211243,1.4626219999999999,5.695576,0.9599530000000001,1.200895,2.127528,11.17114,2.05,0.9774010000000001,2.05,2.05,176,0.9780760000000001,0.755365,53.213,59.608999999999995,0.825,119.175,55.821999999999996,233,0.777525,119.175,52.833999999999996,0,0.008699
2791,14,0.2402,8,0.071905,22,0.312105,0.916667,0.722222,0.885417,0.785047,0.9079370000000001,0.849057,0.9166129999999999,0.811706,3.085731,9.134746,2.476368,1.140405,1.081305,4.931994,24.771,1.133944,65.383,19.305,177,0.787119,0.867647,16.491,8.698,0.804978,34.717,7.632000000000001,204,0.535064,65.383,10.61,0,0.03128
2795,62,0.334633,12,0.040843,74,0.375477,0.9736309999999999,0.8787879999999999,0.960651,0.870466,0.9379649999999999,0.8617020000000001,0.957124,1.46456,2.3393040000000003,7.479158,0.996927,1.643992,0.89915,5.041238,13.687000000000001,1.168418,57.48,6.521,160,0.7721600000000001,0.9937889999999999,12.671,11.235999999999999,1.123551,27.820999999999998,9.46,161,0.662542,57.48,8.672,0,0.136244
2799,15,0.060256,19,0.11325999999999999,34,0.173516,0.917874,0.818182,0.901897,0.7608699999999999,0.861284,0.722222,1.020589,0.827161,2.231614,7.378086,1.289325,0.8452379999999999,1.345818,5.932429,7.492000000000001,1.112798,24.951,4.814,169,0.503113,0.982558,8.977,10.786,1.179711,57.306999999999995,6.96,172,0.681449,57.306999999999995,6.265,0,0.084999
2800,18,0.526129,9,0.091023,27,0.617152,1.102041,0.9148940000000001,1.0345950000000002,0.9158879999999999,1.010101,0.916667,0.880434,1.289491,2.9729900000000002,11.70862,0.940207,0.7296630000000001,1.06626,6.082243,13.159,3.25665,42.945,10.357999999999999,142,0.720821,0.672986,14.228,18.238,1.076741,43.308,13.807,211,0.9269799999999999,43.308,10.818,0,0.047311
2839,29,0.213146,27,0.457742,56,0.6708890000000001,0.8629129999999999,0.848485,0.853093,0.8622219999999999,0.9401709999999999,0.8817200000000001,0.563296,0.61935,2.173416,7.862661,0.9289709999999999,0.743224,1.896091,7.481408,30.798000000000002,1.103944,48.22,26.953000000000003,222,0.9578559999999999,1.057143,32.260999999999996,32.626999999999995,1.435331,107.988,25.997,210,0.723781,107.988,26.322,0,0.015769
2884,10,0.257814,29,0.131114,39,0.388928,0.897436,0.781609,0.909091,0.795455,0.873016,0.8089890000000001,1.049376,0.7996439999999999,1.7810830000000002,8.665275999999999,0.916008,0.8374719999999999,1.9357090000000001,9.1202,18.646,1.169302,64.34899999999999,8.49,233,0.711904,1.120192,13.965,9.517000000000001,1.186699,54.511,5.346,208,0.69442,64.34899999999999,5.876,0,0.042814
2887,16,0.754234,12,0.130645,28,0.884878,0.9806030000000001,0.804348,0.975518,0.773913,0.9195120000000001,0.7536229999999999,1.028807,1.07059,1.954141,7.22005,1.015221,1.111712,1.4553479999999999,9.008878999999999,61.161,0.650384,243.489,36.458,128,0.9289299999999999,0.630542,57.318000000000005,41.949,0.6926479999999999,81.877,41.949,203,0.9726870000000001,243.489,36.458,0,0.018528
2897,5,0.380257,3,0.034423,8,0.41468,1.6,0.833333,0.9391299999999999,0.8253969999999999,0.837607,0.814815,0.9446459999999999,0.922998,2.2911349999999997,6.564833999999999,0.694565,0.6130680000000001,2.379731,10.863669999999999,23.925,1.232877,94.559,7.875,144,0.732875,0.7741939999999999,17.930999999999997,11.937000000000001,0.80661,26.449,9.812000000000001,186,0.6996859999999999,94.559,9.796,0,0.041338
2911,30,0.23615799999999998,28,0.132123,58,0.36828,1.0068030000000001,0.814516,1.0252780000000001,0.832512,1.108374,0.848101,0.9453870000000001,0.9906590000000001,2.188459,6.7552509999999995,0.958815,1.1105909999999999,1.5752629999999999,7.190844,21.643,0.988619,34.275999999999996,24.166,191,0.902925,0.940887,12.937999999999999,9.911,1.246987,34.773,6.067,203,0.47884799999999994,34.773,7.942,0,0.035344
2915,15,0.337496,11,0.187961,26,0.525457,1.054945,0.8913040000000001,1.0,0.9036139999999999,1.0769229999999999,0.918919,0.988452,1.387129,2.1194450000000002,7.420244,1.017923,0.596056,2.500923,10.0089,29.72,0.9612229999999999,74.449,8.63,194,0.923427,0.6576270000000001,14.835,9.873,0.9263819999999999,26.304000000000002,6.601,295,0.633724,74.449,6.834,0,0.056884000000000004
2916,16,0.366983,17,0.479917,33,0.8469,0.947917,0.8910889999999999,0.9693879999999999,0.8641979999999999,1.153846,0.819672,0.992323,1.034881,1.647884,7.01773,1.001551,0.9024709999999999,1.8115720000000002,9.468717,9.22,1.122293,16.04,9.22,180,0.9675879999999999,1.132075,55.622,67.223,1.6815069999999999,147.52200000000002,67.513,159,0.8817729999999999,147.52200000000002,41.047,0,0.002897
2917,23,0.20759299999999997,13,0.058308000000000006,36,0.265901,0.973354,0.776596,0.989583,0.780142,0.933333,0.808511,0.9743870000000001,0.79208,1.9340709999999999,7.311732000000001,0.976038,0.711008,0.903689,5.255319,18.85,1.0038559999999999,44.781000000000006,14.523,170,0.891634,0.994152,10.860999999999999,7.903,0.973831,41.87,4.93,171,0.384966,44.781000000000006,5.9879999999999995,0,0.038681
2920,10,0.11778599999999999,22,0.068161,32,0.185946,1.033058,0.8870969999999999,1.01773,0.8613139999999999,1.0,0.84,1.028203,1.420105,3.357193,9.650385,0.49892700000000006,0.9285680000000001,1.7319950000000002,8.839916,15.118,0.9919040000000001,50.347,11.482000000000001,172,0.649401,0.934783,10.481,8.093,1.038373,88.895,2.45,184,0.5518430000000001,88.895,5.506,3,0.076015
2933,28,0.271955,56,0.492396,84,0.764351,1.034274,0.85,0.976374,0.8407959999999999,0.947318,0.831683,0.9349299999999999,0.863455,1.3640729999999999,6.154824,0.931248,1.074778,1.188192,9.17564,23.666,1.082959,27.109,23.666,177,0.9481719999999999,1.08589,43.715,48.727,0.8324360000000001,112.149,51.949,163,0.8703860000000001,112.149,38.219,0,0.066222
2936,34,0.231631,25,0.553948,59,0.785579,0.966,0.895652,0.960201,0.8888889999999999,0.876923,0.881188,1.054919,0.619166,1.7162110000000002,8.597641000000001,1.037279,1.046036,1.670752,8.071437,91.094,1.205182,91.094,91.094,184,0.9854569999999999,0.86385,63.847,59.955,1.297688,163.67,52.32,213,0.810348,163.67,55.358000000000004,0,0.01285
2951,34,0.21737800000000002,48,0.31761100000000003,82,0.534989,0.8135140000000001,0.8,0.8855870000000001,0.781991,0.942724,0.769841,1.021781,1.166001,1.893376,4.445021,0.976195,0.630208,0.573731,4.275042,17.621,0.7423810000000001,46.63399999999999,16.099,168,0.623206,0.8888889999999999,17.5,17.017,1.018033,32.179,14.639000000000001,189,0.942867,46.63399999999999,16.099,0,0.054913
2982,15,0.138164,16,0.122546,31,0.26071,2.222222,0.714286,1.333333,0.758333,0.923077,0.807018,0.985182,1.206097,2.754427,8.317142,1.017687,1.201281,1.125728,6.092962,17.249000000000002,1.0989790000000002,40.253,12.023,198,0.777943,1.0421049999999998,9.999,7.21,0.9354950000000001,31.124000000000002,3.89,190,0.49376000000000003,40.253,7.2410000000000005,0,0.04046
2987,43,0.13100799999999999,47,0.513074,90,0.6440819999999999,0.8837209999999999,0.908333,0.870764,0.911215,0.872368,0.9148940000000001,0.9492889999999999,0.665543,1.6717669999999998,5.781576,0.974757,0.7245189999999999,1.0850870000000001,8.303375,14.695,1.3464909999999999,54.276,5.506,209,0.925227,1.525547,16.165,16.899,1.03596,91.63600000000001,6.466,137,0.775012,91.63600000000001,6.45,1,0.080197
2996,14,0.20809299999999997,14,0.177675,28,0.385768,0.9352229999999999,0.878049,1.051316,0.8870969999999999,1.125541,0.891566,0.48377600000000004,0.985348,3.7218620000000002,9.283382000000001,1.64695,0.81035,0.916908,5.036028,9.398,1.1897440000000001,40.906,3.575,195,0.431066,1.127168,12.520999999999999,31.256,1.099676,51.674,32.394,173,0.9758110000000001,51.674,3.9,0,0.051878999999999995
2999,17,0.438999,14,0.103699,31,0.5426979999999999,1.144231,0.792453,0.847093,0.787879,0.740741,0.78481,0.9637870000000001,0.9277290000000001,1.802715,5.8860470000000005,0.538684,0.9780760000000001,1.3342969999999998,6.738722,14.047,1.103772,42.18600000000001,9.416,224,0.735521,0.949153,18.22,23.910999999999998,1.187681,58.083,23.971999999999998,236,0.8174399999999999,58.083,15.482000000000001,0,0.016947
3001,5,0.100188,5,0.10288800000000001,10,0.203075,0.933333,0.7868850000000001,1.018182,0.813187,0.9523809999999999,0.866667,0.705707,1.270147,1.969152,5.646725,1.066282,0.894243,2.73532,10.03993,31.261,1.0008780000000002,108.67299999999999,15.342,185,0.8226979999999999,1.027778,20.933000000000003,12.67,0.96825,43.467,5.332000000000001,180,0.389721,108.67299999999999,10.1,0,0.043986000000000004
3008,21,0.363427,17,0.374721,38,0.7381479999999999,0.8,0.802469,0.8221569999999999,0.805755,0.8350879999999999,0.810345,1.076648,0.983733,1.866434,7.362032000000001,1.011428,1.001686,0.9678040000000001,5.742106,43.841,0.895935,49.3,43.841,168,0.9530049999999999,0.893617,28.315,25.491999999999997,1.0846069999999999,114.448,15.784,188,0.819507,114.448,17.973,0,0.044483
3032,58,0.106928,63,0.369698,121,0.476626,0.6956319999999999,0.9295770000000001,0.7357640000000001,0.9352229999999999,0.8564809999999999,0.933333,0.994554,1.087797,1.621885,6.1398790000000005,0.9661299999999999,1.029121,1.471147,6.727150999999999,30.252,1.116056,45.751000000000005,42.18600000000001,197,0.950738,1.094444,20.072,17.723,0.867034,42.523,18.392,180,0.549235,45.751000000000005,19.326,1,0.046697
3064,14,0.431717,11,0.381542,25,0.8132590000000001,0.8649889999999999,0.857143,0.8985290000000001,0.8194440000000001,0.6878310000000001,0.776119,0.9732700000000001,1.414588,1.894193,7.66401,1.020994,1.079598,0.743722,4.171166,69.899,1.068846,88.10799999999999,69.834,193,0.9594959999999999,0.873303,62.788000000000004,57.45399999999999,1.264404,162.97799999999998,32.264,221,0.8651110000000001,162.97799999999998,51.755,0,0.013762
3077,9,0.168077,11,0.5195649999999999,20,0.687642,0.740741,0.858974,0.8421049999999999,0.86087,0.926316,0.864865,0.554415,1.42369,1.357344,4.354545,0.943334,1.240977,2.663368,9.236355999999999,16.354,1.0391299999999999,30.278000000000002,17.724,197,0.9336450000000001,0.800813,29.53,39.412,1.201863,92.471,32.305,246,0.756137,92.471,20.241,0,0.003102
3079,12,0.345721,11,0.09942100000000001,23,0.445141,1.1764709999999998,0.8545450000000001,0.959248,0.8272729999999999,0.871972,0.8,1.237247,2.413775,3.030642,10.48884,1.127204,0.9255700000000001,1.729121,8.899464,21.84,1.2199,66.017,12.747,143,0.8974540000000001,0.690821,17.227999999999998,14.745,0.757576,115.11200000000001,2.0,207,0.5622159999999999,115.11200000000001,8.748,0,0.031606999999999996
3084,21,0.20627199999999998,27,0.23749,48,0.443762,0.764706,0.849057,0.733333,0.8536590000000001,0.63,0.857143,0.938486,0.967084,1.4963600000000001,3.740356,1.052083,0.866483,0.954204,6.357024,10.682,0.890508,26.67,11.832,175,0.621891,1.107595,16.625,24.945,1.066541,61.163999999999994,24.901,158,0.847091,61.163999999999994,13.55,0,0.053776
3092,25,0.32279,26,0.258823,51,0.581612,0.816667,0.777778,1.029557,0.79085,1.13852,0.787879,1.041067,1.1207559999999999,2.166579,6.28412,0.5705899999999999,1.246804,0.665064,4.259918,24.54,1.177029,53.012,16.581,145,0.663675,0.90625,23.45,16.910999999999998,1.211411,29.342,16.910999999999998,160,0.931163,53.012,16.581,0,0.022234
3107,4,0.028755000000000003,11,0.064964,15,0.09371900000000001,0.802083,0.736842,0.852632,0.7391300000000001,0.9696969999999999,0.709677,0.942464,1.100357,2.966399,7.928974,1.0000040000000001,1.291501,0.883483,5.970671,25.932,1.121181,102.291,8.898,136,0.734052,0.6570050000000001,16.632,9.658,1.193263,42.45399999999999,5.449,207,0.36339899999999997,102.291,6.63,0,0.038305
3170,5,0.086796,5,0.293373,10,0.380169,1.75,0.8260870000000001,1.1785709999999998,0.693878,0.8,0.576923,1.210848,1.488132,3.9897199999999997,11.1885,1.092275,1.6444299999999998,0.583216,4.480219,7.233,1.002817,13.045,6.68,192,0.533404,1.0434780000000001,13.937000000000001,27.345,0.9327409999999999,35.667,33.63,184,0.858424,35.667,7.957000000000001,0,0.029755
3177,5,0.173835,10,0.708965,15,0.8828010000000001,0.0,0.791667,1.506494,0.8222219999999999,0.0,0.857143,0.44659099999999996,1.43544,2.092391,10.38379,1.055041,1.657729,1.39202,8.323286,138.768,0.7471140000000001,267.504,138.768,223,0.9701690000000001,1.476821,58.975,5.779,0.534356,12.547,2.47,151,0.931781,267.504,10.033,0,0.021231
3180,1,0.004515,2,0.019745,3,0.024261,0.8888889999999999,0.727273,1.090909,0.87234,1.2,0.9444440000000001,1.088819,0.927997,1.435075,3.980554,1.06941,0.71982,2.022327,9.578171000000001,15.237,0.8377399999999999,38.895,9.79,173,0.329029,0.940217,24.574,33.911,1.044111,53.303999999999995,30.784000000000002,184,0.6963060000000001,53.303999999999995,26.221,0,0.042378
3192,10,0.397161,8,0.296994,18,0.694154,0.875,0.808511,0.9204549999999999,0.8539329999999999,1.133333,0.9047620000000001,0.903526,1.3968479999999999,0.9314319999999999,5.311099,1.027971,1.3757139999999999,1.83476,8.414442999999999,22.851999999999997,1.750343,40.83,18.209,192,0.9495809999999999,0.768,25.105999999999998,26.394000000000002,0.859775,77.09100000000001,15.495,250,0.747237,77.09100000000001,16.109,0,0.0038229999999999996
3195,8,0.591496,3,0.049063,11,0.64056,1.0119049999999998,0.837838,0.977733,0.815789,1.2,0.794872,0.908892,0.216908,1.6420869999999999,9.067199,0.9185909999999999,1.8251580000000003,1.418971,7.440728,45.042,1.161756,92.711,25.865,155,0.9465379999999999,0.786802,26.241999999999997,18.185,1.0298180000000001,53.919,7.42,197,0.699868,92.711,14.62,0,0.009044
3196,37,0.232764,36,0.17064300000000002,73,0.403407,0.729787,0.873239,0.834184,0.850575,0.915033,0.834951,1.037056,0.957471,1.640752,4.878164,0.748024,1.9437779999999998,0.790756,5.370953,10.705,0.28733000000000003,28.585,6.037999999999999,125,0.487217,0.589623,11.011,12.437000000000001,0.9377129999999999,20.721999999999998,14.56,212,0.951175,28.585,7.074,0,0.079572
3200,16,0.661064,26,0.175938,42,0.837002,0.885417,0.9137930000000001,0.950888,0.854015,1.038462,0.810127,0.833414,2.249596,2.09731,7.947128999999999,1.43309,1.30984,1.134254,7.689412,44.537,0.45744700000000005,161.762,12.460999999999999,200,0.8731899999999999,0.735294,38.99,5.71,1.015431,5.71,5.71,272,0.971115,161.762,10.323,0,0.00865
3262,11,0.42132200000000003,10,0.2729,21,0.694221,0.75,0.925,0.9520000000000001,0.9195399999999999,1.181818,0.9148940000000001,1.049995,0.8611690000000001,1.655125,6.029089,1.004457,0.6544840000000001,0.9044760000000001,7.413357,32.25,0.6203029999999999,64.89399999999999,34.208,246,0.76031,1.236181,27.719,11.86,0.98469,21.18,11.86,199,0.955015,64.89399999999999,21.18,1,0.029502999999999998
3270,5,0.11075499999999999,2,0.080736,7,0.191491,0.75,0.923077,0.839161,0.8421049999999999,0.777778,0.8,1.075871,0.9264899999999999,1.9645,4.188014,0.917801,0.9230299999999999,0.83862,3.637201,13.335999999999999,1.3031840000000001,53.953,7.282,121,0.417808,0.711765,18.355999999999998,25.384,1.171289,47.331,33.286,170,0.779308,53.953,8.346,0,0.02854
3275,8,0.177357,10,0.078539,18,0.255896,1.159091,0.808511,1.300905,0.818182,1.333333,0.833333,0.973289,0.7512479999999999,1.452048,4.056365,1.0963129999999999,1.864511,1.062913,6.648053,17.894000000000002,1.0234530000000002,35.23,12.852,210,0.8178880000000001,1.346154,11.525,6.976,0.9176270000000001,15.440999999999999,7.024,156,0.45537299999999997,35.23,9.255,0,0.063549
3279,7,0.153294,4,0.020249,11,0.173543,0.666667,0.8,1.0413219999999999,0.826923,1.260417,0.84375,0.934039,0.990935,2.716675,8.817273,0.893431,1.259231,0.965649,6.040508,17.889,1.451076,50.613,13.325,162,0.534555,0.8709680000000001,16.741,15.847999999999999,0.915101,56.593,9.432,186,0.6464880000000001,56.593,10.234,0,0.041427
3297,16,0.2948,20,0.502972,36,0.797773,0.8235290000000001,0.816327,0.840934,0.8,0.777778,0.785714,0.533274,1.070768,2.494671,8.07113,0.511931,1.1855120000000001,1.129991,9.582705,53.88399999999999,1.606061,87.10799999999999,53.88399999999999,177,0.903335,1.2464790000000001,76.234,98.585,0.633939,192.22,98.585,142,0.916909,192.22,53.88399999999999,0,0.027397
3299,4,0.022009,5,0.113669,9,0.135678,0.907407,0.771429,0.975,0.835616,1.057692,0.8947370000000001,0.978984,1.075286,3.204745,10.57201,0.965067,1.7412310000000002,0.631596,3.9561040000000003,24.621,1.036206,69.012,10.960999999999999,203,0.577836,0.990244,21.436999999999998,19.049,0.847633,78.983,2.925,205,0.559416,78.983,6.891,0,0.011466
3307,13,0.12181099999999999,14,0.244439,27,0.36625,0.9714290000000001,0.866667,0.9885200000000001,0.8452379999999999,1.005128,0.833333,1.006062,0.542992,2.52199,6.985361999999999,0.983224,1.186515,0.9558059999999999,5.664246,10.98,0.736264,31.386999999999997,7.372000000000001,211,0.425929,1.286585,11.173,13.491,1.009499,13.491,13.491,164,0.9553860000000001,31.386999999999997,8.573,0,0.039506
3309,15,0.43210299999999996,16,0.293256,31,0.725359,1.0214290000000001,0.9047620000000001,1.016746,0.8709680000000001,0.947917,0.843137,0.954484,1.029544,2.742029,8.193833,0.981928,1.0026549999999999,0.9374549999999999,7.774647,21.676,0.5232020000000001,74.543,17.36,183,0.830672,0.989189,24.633000000000003,29.808000000000003,0.887558,63.356,26.933000000000003,185,0.953556,74.543,20.893,0,0.07506499999999999
3312,12,0.25101599999999996,11,0.28726799999999997,23,0.538284,0.824176,0.8235290000000001,0.824684,0.755814,0.8253969999999999,0.692308,0.965197,1.1677879999999998,2.47531,7.341945,1.037059,0.660838,1.1235950000000001,6.397195,16.942,0.841333,31.656999999999996,16.641,168,0.618441,0.913043,16.271,12.578,0.926717,20.515,12.578,184,0.9299280000000001,31.656999999999996,16.641,0,0.01839
3328,7,0.130976,6,0.077029,13,0.20800500000000002,1.083333,0.805556,1.0714290000000002,0.8450700000000001,1.166667,0.8857139999999999,0.465096,1.937109,2.165766,7.030011,0.9853870000000001,0.529935,1.8170529999999998,8.773806,20.546,1.02789,49.923,18.96,131,0.871216,0.5927600000000001,10.994000000000002,6.5360000000000005,1.623942,24.052,3.83,221,0.346932,49.923,5.507000000000001,0,0.046495
3332,12,0.116248,15,0.1691,27,0.285348,0.7843140000000001,0.727273,0.827586,0.792683,0.8863639999999999,0.8684209999999999,1.1737879999999998,0.5807,1.7386130000000002,6.374009,0.956448,1.049391,1.4301270000000001,8.044171,12.552,0.738278,35.838,11.025,172,0.750995,1.0058479999999999,11.58,10.833,0.8248780000000001,24.334,10.482000000000001,171,0.546131,35.838,10.482000000000001,0,0.039637
3336,20,0.25044,24,0.566002,44,0.816442,1.0652629999999998,0.84375,1.052763,0.8714290000000001,0.981405,0.8815790000000001,1.0857700000000001,0.882575,0.991799,3.850117,1.17654,1.344365,1.2038280000000001,9.191828,96.045,0.298643,225.985,55.711000000000006,189,0.9147629999999999,0.979275,72.722,2.75,1.283058,2.75,2.75,193,0.946441,225.985,31.076,0,0.051976
3360,9,0.186747,9,0.089712,18,0.276459,1.083333,0.9714290000000001,1.1052629999999999,0.9538459999999999,1.142857,0.933333,1.133103,0.523007,1.460966,6.217981,0.993857,0.9783149999999999,0.514584,3.10865,20.107,1.190598,56.147,11.046,141,0.874072,0.787709,16.430999999999997,12.142000000000001,1.0849739999999999,36.672,7.257999999999999,179,0.42477200000000004,56.147,10.34,1,0.074908
3370,17,0.135378,11,0.11438399999999999,28,0.249761,1.197861,0.8444440000000001,1.095137,0.8411209999999999,0.919192,0.8225809999999999,1.022106,0.9754729999999999,1.696209,4.083307,1.010153,1.0456729999999999,1.528441,9.148066,5.965,1.208446,22.908,4.479,207,0.441276,1.089474,8.082,12.315999999999999,0.8809549999999999,45.286,10.206,190,0.8402459999999999,45.286,6.103,0,0.112818
3387,40,0.189665,27,0.168021,67,0.357686,1.2244899999999999,0.9220780000000001,1.106534,0.924242,1.045752,0.9454549999999999,1.0162149999999999,1.618817,2.16698,6.638241000000001,0.9289639999999999,1.060893,1.224206,5.903873,23.921,1.094425,35.163000000000004,23.921,143,0.9759770000000001,0.752632,13.033,10.855,1.327652,31.314,7.126,190,0.406505,35.163000000000004,9.919,1,0.064829
3409,9,0.029026,1,0.009457,10,0.038482999999999996,1.0,0.6875,1.168831,0.7741939999999999,1.3125,0.866667,0.9894430000000001,2.0871310000000003,1.269527,4.758534,1.049769,0.780629,0.557655,3.8197550000000002,7.48,0.993081,31.371,5.1160000000000005,218,0.484138,1.3797469999999998,9.2,11.607999999999999,1.011288,25.436999999999998,10.933,158,0.559012,31.371,6.361000000000001,0,0.10816400000000001
3413,9,0.160726,7,0.670096,16,0.830822,0.5818180000000001,0.7608699999999999,0.770857,0.792079,1.079365,0.818182,0.990609,0.8103020000000001,1.6587630000000002,4.707514,1.050249,1.7031470000000002,0.7902279999999999,8.262887,37.41,0.879016,64.55199999999999,38.741,135,0.871292,0.652174,32.989000000000004,2.04,0.94191,2.04,2.04,207,0.9682790000000001,64.55199999999999,36.645,0,0.010421
3417,100,0.270896,52,0.17719300000000002,152,0.448089,0.941558,0.9370629999999999,0.9132549999999999,0.9545450000000001,1.012048,0.9752069999999999,1.117926,1.465514,1.4178540000000002,6.169939,0.9812,0.861952,0.9790120000000001,5.250593,22.868000000000002,0.699909,40.705,22.136,171,0.895502,0.8507459999999999,13.969000000000001,9.52,0.9,36.775,7.17,201,0.61054,40.705,9.943999999999999,1,0.114523
3439,8,0.819028,4,0.042242,12,0.8612690000000001,0.666667,0.68,1.172549,0.7790699999999999,0.8888889999999999,0.819672,0.8529370000000001,0.723182,3.042255,11.53515,0.9337040000000001,1.0111709999999998,1.592542,7.618767,58.626000000000005,0.0,85.53,69.117,120,0.919376,0.545455,44.571999999999996,2.41,1.15621,2.41,2.41,220,0.968825,85.53,45.175,0,0.030320999999999997
3479,10,0.47304399999999996,6,0.356875,16,0.8299190000000001,1.25,0.705882,0.9454549999999999,0.75,1.0084030000000002,0.780488,2.0130779999999997,0.9941610000000001,1.559569,7.6842429999999995,1.085742,1.8947310000000002,0.667031,3.965739,44.309,1.0952819999999999,74.169,44.309,172,0.9636889999999999,0.688,41.418,40.260999999999996,0.9393940000000001,75.235,48.011,250,0.8837520000000001,75.235,48.011,0,0.020677
3502,6,0.040799,22,0.413533,28,0.454333,0.769231,0.692308,0.933333,0.78481,1.0714290000000002,0.875,0.96636,1.1194620000000002,2.1395310000000003,7.476744999999999,1.0685149999999999,1.281058,1.072799,7.935594999999999,6.994,1.118974,19.648,4.16,171,0.7408279999999999,1.017857,10.081,12.755999999999998,0.869706,39.88,10.47,168,0.791026,39.88,6.841,2,0.145756
3532,14,0.49472200000000005,10,0.341105,24,0.8358270000000001,0.9930559999999999,0.714286,1.0147059999999999,0.707865,1.0317459999999998,0.702128,1.937042,1.169089,2.59057,10.228010000000001,1.009675,1.8913060000000002,0.586224,5.1224680000000005,52.071999999999996,0.666045,97.39,54.778,132,0.903753,0.985075,49.733999999999995,45.06,2.532066,86.94,45.06,134,0.9680120000000001,97.39,54.778,0,0.041224000000000004
3541,25,0.508103,8,0.098129,33,0.606232,0.9572649999999999,0.864865,0.948148,0.851852,0.8979590000000001,0.840909,1.04185,0.657222,0.9113709999999999,4.508805000000001,0.879767,1.237991,0.784165,5.876774,13.575,0.595985,42.263999999999996,8.527000000000001,132,0.752296,0.830189,12.095999999999998,9.136000000000001,0.687895,24.051,7.565,159,0.9182549999999999,42.263999999999996,7.723,1,0.095919
3561,5,0.020922,7,0.014929,12,0.035851,0.5,0.703704,0.9080879999999999,0.788462,1.222222,0.88,0.942152,1.083947,1.8863400000000001,5.531231,1.083485,0.9569209999999999,0.706133,4.065192,13.655999999999999,1.271691,58.522,5.5,172,0.583064,0.9942200000000001,13.23,12.718,0.778057,52.445,4.696000000000001,173,0.453025,58.522,5.04,0,0.073073
3568,6,0.074576,13,0.139286,19,0.213862,0.77,0.8536590000000001,0.825,0.8421049999999999,0.8642860000000001,0.828571,0.9529030000000001,0.6635850000000001,1.6488919999999998,5.734411,1.0947040000000001,0.987232,0.5001770000000001,3.243229,6.879,1.270347,15.939,4.9510000000000005,178,0.501778,1.10559,8.418,9.669,0.950521,26.043000000000003,9.852,161,0.741589,26.043000000000003,6.417000000000001,1,0.121236
3589,14,0.131073,15,0.261575,29,0.392648,1.214286,0.8548389999999999,1.029412,0.831683,0.9440559999999999,0.8461540000000001,2.1113180000000003,1.6735659999999999,3.2158279999999997,11.49067,0.944399,1.103444,1.9040110000000001,8.596919,16.771,0.817364,63.17100000000001,6.075,189,0.8495459999999999,1.111765,10.978,8.908999999999999,0.675153,21.412,5.872000000000001,170,0.564022,63.17100000000001,6.075,0,0.050582
3601,11,0.125683,14,0.161852,25,0.287535,1.276786,0.6888890000000001,1.5,0.7260270000000001,2.0,0.785714,0.9277850000000001,1.065628,1.566287,6.701262,1.0160799999999999,0.736525,1.157558,4.532728,23.897,1.14276,36.608000000000004,32.271,161,0.92369,0.856383,8.096,5.1339999999999995,2.008047,16.262,4.61,188,0.377062,36.608000000000004,5.06,0,0.043946
3623,12,0.218271,21,0.62367,33,0.8419409999999999,0.8711110000000001,0.8717950000000001,0.9545450000000001,0.86755,1.0301,0.863014,0.8998200000000001,1.4608370000000002,1.2215799999999999,5.530687,0.795619,1.377039,0.659866,6.066485,84.228,0.963385,129.259,121.4,199,0.96024,1.507576,42.231,10.732000000000001,3.144672,21.7,9.485,132,0.91751,129.259,15.838,0,0.040796
3647,8,0.330574,7,0.148944,15,0.479517,0.892857,0.794118,0.6787880000000001,0.689189,1.103896,0.575,1.108276,2.217384,1.887066,7.4102179999999995,0.9173030000000001,2.197873,1.1161510000000001,5.810353,16.442,0.875519,45.443000000000005,12.722999999999999,212,0.590375,1.358974,24.938000000000002,33.434,0.651671,58.472,36.148,156,0.886523,58.472,23.428,0,0.008219
3670,4,0.250711,11,0.368643,15,0.619354,1.041667,0.8392860000000001,1.0714290000000002,0.8433729999999999,1.111111,0.851852,0.899443,1.1859790000000001,1.347201,5.355819,0.871705,1.568109,0.721371,4.55569,4.791,1.168426,4.791,4.791,228,0.973576,1.169231,16.547,17.615,1.907271,42.68899999999999,15.367,195,0.657,42.68899999999999,11.754000000000001,0,0.017795
3673,14,0.12871,12,0.118527,26,0.24723699999999998,0.885417,0.893617,0.9451799999999999,0.878049,1.028571,0.857143,0.969698,0.7920159999999999,1.920622,6.481829,2.653121,0.770057,0.958141,4.643129,14.373,0.971052,44.401,9.615,199,0.750664,0.9342719999999999,11.684000000000001,9.668,1.3030389999999998,26.669,6.718999999999999,213,0.513829,44.401,6.91,0,0.065243
3675,7,0.024664,4,0.024798,11,0.049462,0.85,0.9375,0.9964290000000001,0.891566,1.230769,0.857143,1.043819,0.9685969999999999,1.940991,7.3892050000000005,1.192843,1.053392,1.533366,7.641335000000001,19.412,1.100206,47.775,16.713,164,0.768121,1.051282,9.332,4.292,0.816733,30.929000000000002,1.31,156,0.28157600000000005,47.775,2.594,0,0.104022
3677,7,0.190554,5,0.141584,12,0.33213899999999996,1.2,0.733333,1.227273,0.7758619999999999,1.444444,0.8139529999999999,0.9363389999999999,0.583202,2.752039,7.2585630000000005,0.9440149999999999,1.5482420000000001,0.984849,5.625266000000001,17.936,0.0,61.623999999999995,8.972000000000001,122,0.35447199999999995,0.7973859999999999,15.693,2.24,1.275009,2.24,2.24,153,0.988593,61.623999999999995,8.371,0,0.031851
3689,6,0.029729000000000002,5,0.08456,11,0.11428800000000001,1.111111,0.606061,0.919118,0.6825399999999999,0.666667,0.766667,0.99449,1.197497,2.982611,10.57576,0.927515,1.171932,1.337428,6.055524,9.074,1.034468,31.985,3.42,209,0.565462,0.972093,9.894,10.782,0.735323,32.875,4.97,215,0.549971,32.875,3.911,0,0.065675
3692,5,0.051648,2,0.067069,7,0.118717,0.923077,0.794118,1.2396690000000001,0.816327,1.285714,0.866667,1.0753540000000001,1.155115,1.584768,6.071726,0.873455,0.899042,2.1887950000000003,9.237217999999999,23.671999999999997,1.22302,119.51899999999999,7.13,169,0.789898,1.4322030000000001,17.951,9.371,1.9303700000000001,34.244,3.23,118,0.33581300000000003,119.51899999999999,3.98,0,0.055634
3705,12,0.179375,14,0.342979,26,0.522354,0.625,0.8412700000000001,0.786555,0.838095,0.9375,0.833333,2.314954,0.9158930000000001,1.717616,6.748925,1.001579,1.068015,0.7089850000000001,4.20094,26.947,0.962779,58.287,16.351,186,0.880286,0.869159,17.519000000000002,13.234000000000002,0.790445,60.948,8.072000000000001,214,0.6502819999999999,60.948,10.863,0,0.015482
3717,14,0.311103,21,0.28514,35,0.5962430000000001,1.0028569999999999,0.90625,0.8760610000000001,0.8224299999999999,0.8520709999999999,0.697674,1.048374,1.7539099999999999,1.1365969999999999,6.3071779999999995,0.970628,1.2725629999999999,0.9055639999999999,4.944897,2.12,0.921839,2.12,2.12,174,0.9394459999999999,0.84878,16.129,17.296,0.837817,60.461999999999996,15.419,205,0.6776979999999999,60.461999999999996,14.649000000000001,0,0.043166
3721,11,0.114141,5,0.045721,16,0.159863,0.7,0.833333,1.047619,0.833333,1.222222,0.833333,1.044591,0.920192,1.215875,2.6109970000000002,0.97109,1.0625799999999999,0.6290939999999999,3.5916879999999995,4.371,0.613726,13.963,3.096,184,0.315308,0.9484540000000001,6.946000000000001,11.523,1.191923,36.293,6.822,194,0.8618530000000001,36.293,4.291,1,0.09764099999999999
3724,12,0.30835799999999997,13,0.26069699999999996,25,0.569055,1.155556,0.6829270000000001,1.0615379999999999,0.6575340000000001,1.060606,0.59375,1.066363,1.095823,1.6746580000000002,6.077363,1.008652,1.051768,1.607743,6.51751,19.741,1.076624,19.741,19.741,182,0.9666540000000001,0.9381440000000001,17.402,17.189,2.614286,36.835,14.202,194,0.625997,36.835,16.567,0,0.039814999999999996
3739,9,0.313854,11,0.359677,20,0.673531,1.090909,0.787879,1.0674489999999999,0.782051,0.9545450000000001,0.777778,0.916775,0.815014,2.717825,6.075807,0.9281950000000001,0.708398,0.954838,7.805409,30.225,0.9,49.842,37.373000000000005,189,0.723487,1.021622,24.835,5.97,0.9840110000000001,8.01,5.97,185,0.957257,49.842,23.065,0,0.010597
3751,18,0.24839699999999998,21,0.08444600000000001,39,0.332843,1.0714290000000002,0.934783,1.084011,0.9181819999999999,1.035197,0.90625,1.021264,0.616592,1.729582,7.264121,1.116026,1.1424020000000001,0.843958,5.380164,11.764000000000001,1.307059,33.449,9.282,181,0.6155390000000001,0.947644,9.708,7.336,0.8529639999999999,22.324,6.131,191,0.738975,33.449,7.114,0,0.061128999999999996
3781,27,0.32529600000000003,21,0.12465699999999999,48,0.449953,0.785714,0.8641979999999999,0.81133,0.88189,0.75,0.913043,1.4096,1.426167,1.7061330000000001,6.736155999999999,0.985711,0.995166,1.601404,7.340310000000001,23.87,1.335157,41.886,24.371,182,0.94048,0.8161430000000001,18.410999999999998,15.984000000000002,0.742734,76.589,2.602,223,0.537842,76.589,4.851,0,0.059309
3782,13,0.264185,8,0.061382000000000006,21,0.32556599999999997,0.785714,0.8125,0.9590790000000001,0.875,1.098039,0.916667,0.995647,1.392974,2.391115,9.244638,0.9377540000000001,1.122981,1.373369,7.0964160000000005,10.67,0.881401,48.548,4.822,170,0.5571659999999999,0.7762560000000001,11.588,13.309000000000001,1.1697739999999999,36.525999999999996,9.513,219,0.787872,48.548,6.303,0,0.056434000000000005
3786,6,0.062315999999999996,10,0.080207,16,0.142523,0.648148,0.758621,0.794118,0.7843140000000001,0.942857,0.818182,0.9643229999999999,1.185382,1.492866,5.604987,0.9366700000000001,1.614213,0.861499,6.512205000000001,18.522000000000002,1.103536,57.157,17.276,148,0.748474,0.87574,12.155,6.85,1.195276,24.514,5.096,169,0.402717,57.157,6.682,0,0.05733099999999999
3789,14,0.37816500000000003,22,0.346906,36,0.725071,0.866873,0.84375,0.9471430000000001,0.88189,1.0027780000000002,0.920635,1.1930610000000001,0.526507,1.430661,7.463814,0.841858,1.445804,0.8492290000000001,5.0911610000000005,44.196999999999996,1.395353,77.664,44.196999999999996,195,0.921127,1.015625,28.144000000000002,24.131,1.797754,71.68,16.863,192,0.836918,77.664,16.863,0,0.043499
3800,23,0.255506,12,0.230667,35,0.48617200000000005,0.72314,0.830508,0.8717950000000001,0.8411209999999999,0.98913,0.854167,1.034859,1.46133,2.505018,7.920489,1.023264,1.2478049999999998,0.9516209999999999,4.877283,21.465,0.938026,32.496,20.253,182,0.882181,0.784483,15.075999999999999,12.414000000000001,0.588626,28.123,11.825,232,0.625405,32.496,16.301,0,0.042187999999999996
3805,14,0.597681,10,0.10771300000000002,24,0.705394,0.765306,0.761905,0.851852,0.775281,0.8418370000000001,0.808511,1.086783,0.797966,1.141735,4.924849,1.042797,1.025332,1.179684,5.466141,67.967,1.126419,148.178,42.784,191,0.9121239999999999,0.900943,39.451,18.064,1.130703,44.446999999999996,12.759,212,0.806631,148.178,13.258,0,0.018588999999999998
3813,4,0.00602,5,0.17924,9,0.18525999999999998,0.8791209999999999,0.8787879999999999,0.789474,0.843137,0.75,0.777778,1.0147469999999998,0.67283,3.191507,7.272978999999999,0.90859,1.3961,0.989597,5.518927,14.387,1.149076,51.31100000000001,7.877999999999999,186,0.640463,1.0508469999999999,15.864,17.524,1.0389709999999999,47.085,10.409,177,0.545515,51.31100000000001,8.417,0,0.026372000000000003
3821,15,0.32264899999999996,10,0.275416,25,0.598065,1.038889,0.8405799999999999,1.0669170000000001,0.8421049999999999,1.0705879999999999,0.8444440000000001,1.122624,0.882863,1.839796,6.330107,0.949031,0.649371,1.633066,9.786095,40.785,1.147298,55.856,52.405,238,0.9445309999999999,1.086758,23.184,16.584,1.766663,44.266999999999996,17.535999999999998,219,0.679221,55.856,19.77,0,0.049152999999999995
3830,16,0.181015,18,0.581166,34,0.762182,0.850202,0.857143,0.86546,0.866667,0.853333,0.88,1.020049,1.4231559999999999,2.7432090000000002,11.21265,1.036766,1.4402549999999998,1.4193559999999998,8.583648,31.158,1.208595,81.98899999999999,9.3,204,0.9300930000000001,1.714286,26.89,25.061,0.933892,85.365,12.622,119,0.860083,85.365,10.960999999999999,0,0.035427999999999994
3848,6,0.114898,10,0.351719,16,0.466617,1.125,0.88,0.938735,0.88,1.066667,0.88,1.018453,0.6828390000000001,4.056706,8.480312,0.915743,2.904211,0.882159,6.542629,21.339000000000002,0.0,37.734,23.0,156,0.515088,0.8432430000000001,27.912,44.343999999999994,0.9806520000000001,78.969,44.343999999999994,185,0.9757459999999999,78.969,23.0,0,0.049339
3851,2,0.0009220000000000001,8,0.087363,10,0.088285,1.458333,0.695652,1.390909,0.745455,1.0,1.0,0.9931909999999999,0.48683699999999996,1.143815,5.335662,1.595556,0.8455030000000001,0.8818540000000001,2.771004,40.441,1.334917,60.153999999999996,40.441,169,0.9998799999999999,1.03681,10.964,3.595,0.58848,9.951,0.94,163,0.09231900000000001,60.153999999999996,3.661,1,0.042452
3854,11,0.29691999999999996,11,0.269882,22,0.566803,0.7,0.835616,0.730769,0.7868850000000001,0.611111,0.714286,0.840708,1.539923,1.495143,6.250523,1.017953,1.295868,1.361219,6.086002,71.98,0.737549,96.946,71.98,124,0.9662870000000001,0.541485,23.261999999999997,12.436,1.089961,43.54,6.51,229,0.629508,96.946,10.311,0,0.048662000000000004
3855,12,0.107359,11,0.11202899999999999,23,0.219388,1.2,0.710526,1.339744,0.732394,1.636364,0.727273,0.9542,1.114523,1.983429,6.708442999999999,0.96901,0.8767659999999999,1.3936600000000001,6.599007,12.357999999999999,0.971859,30.951,8.517999999999999,197,0.707446,0.907834,11.614,10.870999999999999,1.127842,41.876000000000005,6.606,217,0.51953,41.876000000000005,7.962000000000001,1,0.033428
3881,7,0.128698,16,0.371138,23,0.49983599999999995,0.942857,0.8888889999999999,0.8950620000000001,0.8695649999999999,0.86631,0.857143,1.0418370000000001,1.130914,4.607001,8.919685000000001,0.9856010000000001,1.0719610000000002,1.66915,11.585519999999999,18.105999999999998,1.364407,30.235,22.712,207,0.563322,1.1629209999999999,20.881999999999998,31.985,0.979029,57.681000000000004,31.985,178,0.971533,57.681000000000004,22.712,0,0.065473
3894,10,0.053091,10,0.193024,20,0.246115,0.692308,0.8139529999999999,0.859649,0.8125,1.066667,0.809524,1.059023,1.532117,1.930694,5.530593,1.09626,1.1269850000000001,1.0010809999999999,4.410982,18.208,1.17723,43.31100000000001,12.417,197,0.71796,1.082418,15.262,12.61,1.026263,27.555999999999997,12.698,182,0.528177,43.31100000000001,12.417,0,0.010306000000000001
3906,1,0.004574,2,0.037956000000000004,3,0.042531,0.6545449999999999,0.681818,0.9930559999999999,0.675,1.75,0.666667,0.331889,0.9409120000000001,4.066339,8.927196,1.01963,1.384887,1.058867,6.017815000000001,16.032,1.309803,31.831999999999997,13.453,159,0.5681470000000001,0.873626,15.710999999999999,15.31,1.476055,31.671,15.806,182,0.47725200000000007,31.831999999999997,14.347999999999999,0,0.06319
3932,11,0.259941,23,0.31035300000000005,34,0.570293,0.9346409999999999,0.8444440000000001,0.960784,0.878505,1.0,0.903226,1.041768,0.46942799999999996,2.136298,8.215371000000001,0.9506680000000001,0.678818,0.658825,5.7024669999999995,21.557,1.352243,78.328,12.452,167,0.808624,0.883598,13.51,8.39,1.064122,38.164,4.231,189,0.8207270000000001,78.328,6.817,0,0.09383899999999999
3941,5,0.015484,2,0.005539,7,0.021023,1.0,0.678571,1.0,0.711864,0.9818180000000001,0.741935,0.9603940000000001,1.198993,2.031176,6.2790610000000004,0.894834,1.1568450000000001,1.090235,5.739947,5.335,0.8428549999999999,26.814,1.285,171,0.31144499999999997,1.3359379999999998,11.05,20.192,1.092619,70.047,16.334,128,0.712234,70.047,4.29,2,0.11217
3945,8,0.39024200000000003,6,0.236217,14,0.626459,1.052632,0.8235290000000001,1.203125,0.8461540000000001,1.333333,0.859649,0.993717,1.2049809999999999,3.0538220000000003,10.69786,0.972886,1.144908,1.1358110000000001,7.678022,28.487,0.470418,90.76299999999999,7.752000000000001,176,0.659028,0.988764,26.315,11.11,1.920396,11.11,11.11,178,0.9879469999999999,90.76299999999999,9.431000000000001,0,0.031555
3978,5,0.09565900000000001,13,0.290099,18,0.385758,1.101215,0.781818,1.028571,0.820225,1.041667,0.882353,0.977311,0.726341,1.339893,5.379274,1.008062,0.9508479999999999,1.688072,5.677066,24.011,1.02847,46.225,18.823,189,0.9591069999999999,1.9484540000000001,13.263,10.331,1.3179020000000001,30.19,8.15,97,0.44127299999999997,46.225,9.601,0,0.036519
3985,6,0.174328,7,0.17208199999999998,13,0.346409,1.0,0.6097560000000001,1.339713,0.661017,1.0,0.777778,1.106747,1.407923,1.729712,6.730666,1.0273709999999998,1.9047889999999998,1.191866,5.008393,42.645,0.9769629999999999,61.138000000000005,42.645,176,0.969046,0.921466,13.684000000000001,7.892,1.407841,15.992,8.175,191,0.39237,61.138000000000005,9.184,0,0.041522
3992,10,0.36070399999999997,10,0.521848,20,0.882552,1.07438,0.8857139999999999,1.190083,0.897727,1.272727,0.90566,0.9596370000000001,1.316541,1.691602,6.381557,0.947894,0.734446,0.543674,3.9260029999999997,95.344,1.643777,165.893,87.238,101,0.927024,0.497537,72.15,2.57,1.17005,2.57,2.57,203,0.9840610000000001,165.893,60.068999999999996,0,0.031318
4000,14,0.402694,6,0.162655,20,0.56535,1.2375,0.814815,1.258681,0.8170729999999999,1.266667,0.818182,1.061755,0.689489,2.183681,6.6693940000000005,2.008211,1.111537,1.3499370000000002,9.015554,11.76,1.329541,31.118000000000002,8.832,159,0.619857,0.832461,12.341,16.703,0.9282870000000001,22.994,16.703,191,0.9819969999999999,31.118000000000002,10.411,0,0.060654
4017,17,0.175647,8,0.503844,25,0.679491,1.0769229999999999,0.92,1.117497,0.886076,1.3125,0.827586,1.150878,0.957081,2.1000669999999997,6.257126,1.09766,1.308775,2.37289,11.55958,23.785,0.915932,56.636,12.718,149,0.9845959999999999,0.745,26.386,27.5,99999999.0,87.432,24.531,200,0.732679,87.432,18.625,0,0.052676
4020,23,0.272808,30,0.445755,53,0.718562,1.054511,0.875,1.0328979999999999,0.8695649999999999,1.037037,0.848485,1.020817,1.0969200000000001,1.309884,4.8588830000000005,1.0078639999999999,0.7944180000000001,1.078001,8.293638,19.475,2.17159,55.034,12.43,134,0.8567309999999999,0.724324,30.471,41.468,1.470517,87.34100000000001,45.943999999999996,185,0.897716,87.34100000000001,17.221,0,0.047564999999999996
4022,6,0.434613,7,0.25607800000000003,13,0.6906909999999999,0.892857,0.692308,0.918367,0.7,1.0214290000000001,0.704545,0.9696170000000001,0.8272459999999999,3.4214879999999996,8.824478,1.20488,0.660913,1.201703,8.177864,29.923000000000002,2.3002830000000003,72.62,22.346,156,0.748287,0.631579,43.693999999999996,71.235,1.245192,128.939,71.235,247,0.970341,128.939,22.971,0,0.038876
4028,6,0.178213,10,0.11533800000000001,16,0.293552,1.069444,0.7735850000000001,1.292308,0.763889,1.041667,0.684211,1.062235,0.992086,1.852616,6.382288,1.03515,1.1483,1.155525,6.727228,22.980999999999998,1.250255,22.980999999999998,22.980999999999998,171,0.9924879999999999,0.855,7.611000000000001,6.428999999999999,1.5129190000000001,20.023,2.87,200,0.314121,22.980999999999998,3.11,0,0.042586
4031,15,0.42702399999999996,9,0.073624,24,0.500648,1.3,0.8888889999999999,1.142857,0.88,1.090909,0.8717950000000001,0.756336,1.0922530000000001,1.9943810000000002,8.7464,1.001978,0.842566,0.905108,4.610664,9.712,0.926659,26.116,6.047000000000001,183,0.8101189999999999,0.9481870000000001,13.71,17.709,1.291569,54.613,12.807,193,0.7260479999999999,54.613,6.431,0,0.06651
4039,8,0.316723,4,0.043458,12,0.360181,1.166667,0.925926,1.106509,0.776119,1.05,0.725,0.8760379999999999,1.3142639999999999,1.277291,5.440575,0.969424,1.530417,1.668465,9.815437,14.32,1.0536709999999998,39.958,9.663,176,0.61107,0.81106,15.056,16.003,0.897651,46.576,4.14,217,0.762601,46.576,7.416,0,0.036104000000000004
4044,1,0.007034,1,0.001364,2,0.008398000000000001,0.625,0.777778,0.9545450000000001,0.709677,1.333333,0.6153850000000001,1.037336,0.956609,1.530237,4.852977,0.992151,1.756545,1.1016190000000001,6.416915,42.093999999999994,0.993964,61.897,48.157,132,0.574982,0.9705879999999999,36.493,30.893,0.9622459999999999,42.838,32.806,136,0.433696,61.897,38.736,0,0.032248
4056,3,0.002568,2,0.08544199999999999,5,0.08801,1.025641,0.72,1.038961,0.719298,1.0,0.6875,1.092239,0.960094,1.760859,5.195278,0.855215,0.889442,1.3783370000000001,9.357274,18.451,1.0807870000000002,40.524,17.994,161,0.46353999999999995,0.92,19.825,20.741,1.083679,65.556,15.812999999999999,175,0.627166,65.556,15.812999999999999,0,0.029727999999999997
4057,4,0.092822,5,0.011826,9,0.104648,1.222222,0.857143,1.0770979999999999,0.8548389999999999,0.8888889999999999,0.8888889999999999,0.997509,0.8983559999999999,2.211056,6.5981369999999995,0.954191,1.068633,1.321596,7.5640339999999995,15.466,1.154784,33.25,16.673,198,0.636784,1.222222,10.857000000000001,7.476,0.800265,35.677,4.192,162,0.478415,35.677,6.849,0,0.091589
4060,19,0.518935,9,0.114402,28,0.633337,1.360544,0.809524,1.156156,0.8365379999999999,0.916667,0.878049,1.044249,0.924635,0.9708629999999999,4.970461,0.9550049999999999,1.02388,1.2229510000000001,5.367737,14.634,1.0462040000000001,22.932,20.761,214,0.95886,0.8879670000000001,19.271,20.662,0.906091,45.032,15.607000000000001,241,0.714029,45.032,16.303,0,0.057880999999999995
4062,9,0.461149,6,0.262454,15,0.723603,1.017391,0.9,1.017287,0.909091,1.041667,0.923077,0.9650350000000001,1.6882560000000002,1.868006,10.4791,0.8758469999999999,0.801951,1.8987459999999998,8.394889,41.445,0.902458,72.202,45.473,180,0.9578700000000001,1.028571,32.908,28.64,0.965556,65.058,25.823,175,0.787866,72.202,39.211999999999996,0,0.029679
4063,12,0.128328,10,0.09994700000000001,22,0.228275,0.9722219999999999,0.8913040000000001,0.984615,0.931507,1.0,1.0,0.864891,0.813188,1.472402,6.17882,0.958341,1.198775,1.7028470000000002,7.413316,13.565,1.300658,29.969,10.639000000000001,161,0.8980899999999999,0.9640719999999999,9.656,7.523,0.693487,20.254,4.769,167,0.34901,29.969,9.4,0,0.07618
4070,1,0.002046,1,0.001306,2,0.0033520000000000004,1.0,1.0,1.128205,0.8636360000000001,1.4285709999999998,0.769231,0.9438559999999999,1.1897520000000001,1.5599100000000001,5.1315550000000005,0.8171729999999999,1.081023,2.020489,10.36453,27.308000000000003,1.263743,77.252,11.386,154,0.36106,0.974684,24.531999999999996,23.144000000000002,0.986614,58.961000000000006,18.82,158,0.642413,77.252,11.386,0,0.034947000000000006
4071,4,0.170166,1,0.008270999999999999,5,0.17843699999999998,1.111111,0.8260870000000001,1.275,0.76,1.555556,0.703704,1.111512,1.443343,3.028954,9.090487,0.8689,0.9110379999999999,1.183673,5.97567,10.902999999999999,1.044667,52.103,1.05,163,0.44377799999999995,0.8956040000000001,13.65,16.671,1.1944649999999999,55.882,10.785,182,0.747103,55.882,6.2,1,0.065194
4079,1,0.018622,1,0.000459,2,0.01908,0.777778,0.9117649999999999,1.0769229999999999,0.8644069999999999,1.363636,0.8,0.9235959999999999,1.0478129999999999,1.776845,5.4478480000000005,0.892023,1.927771,1.029324,5.849408,26.203000000000003,1.138449,67.638,11.992,196,0.6311399999999999,1.0103090000000001,15.908,8.701,1.121491,25.51,4.425,194,0.389183,67.638,11.66,0,0.061149
4085,12,0.309621,12,0.36136399999999996,24,0.670985,0.9917360000000001,0.764706,0.77381,0.75,0.6,0.717391,0.9760059999999999,0.888237,2.982827,6.957392,0.890785,1.044175,0.605494,5.324198,24.396,0.984492,54.915,20.331,222,0.721359,1.4230770000000001,22.285999999999998,3.3,1.289313,3.3,3.3,156,0.9601569999999999,54.915,13.925,0,0.015451
4090,4,0.028479,5,0.064078,9,0.092557,0.914286,0.857143,0.9272729999999999,0.8235290000000001,1.4,0.8,0.9573969999999999,1.007452,1.620573,4.095426,0.992884,0.9712719999999999,1.055684,5.169582,13.045,1.353243,32.071,5.86,142,0.462718,0.898734,14.157,15.157,1.042223,63.61,4.931,158,0.635125,63.61,5.76,0,0.054026
4091,4,0.011781999999999999,7,0.146825,11,0.158608,1.123457,0.733333,0.965944,0.768116,0.65,0.794872,1.077078,0.960139,3.20379,11.41134,0.9612209999999999,0.9065850000000001,1.146312,5.514266,5.627999999999999,1.208006,18.597,1.75,221,0.352907,1.057416,11.061,19.514,1.089232,67.932,11.107999999999999,209,0.816688,67.932,4.002,1,0.064786
4098,7,0.012896000000000001,11,0.164588,18,0.177484,0.837607,0.810811,0.9458129999999999,0.837838,0.84375,0.864865,0.9915149999999999,0.860574,2.493585,7.325024000000001,0.97144,0.889438,0.9565370000000001,7.241399,6.343,0.7954859999999999,20.442,5.522,173,0.508541,0.827751,9.782,13.749,0.9002690000000001,71.062,7.27,209,0.681655,71.062,5.5920000000000005,0,0.066837
4100,3,0.011378000000000001,4,0.008343999999999999,7,0.019722,1.0,0.75,0.9,0.769231,1.388889,0.789474,0.772926,0.672946,2.326091,7.4457949999999995,0.996008,0.89387,1.2133200000000002,6.694149,33.342,1.006456,70.529,36.933,144,0.55307,0.782609,27.305999999999997,22.276,0.900358,54.565,17.776,184,0.46696800000000005,70.529,24.2,0,0.015790000000000002
4103,1,0.002221,1,0.007821999999999999,2,0.010043999999999999,0.8,0.8125,0.8947370000000001,0.866667,0.909091,0.896552,0.9885809999999999,1.8100919999999998,1.332047,4.764193,1.111334,1.229439,1.373788,8.35719,15.864,0.8392860000000001,30.226999999999997,14.339,157,0.449475,0.951515,15.474,15.027999999999999,0.790013,25.313000000000002,15.42,165,0.5613630000000001,30.226999999999997,15.42,0,0.073298
4104,18,0.17929,15,0.141584,33,0.320874,1.010526,0.830508,0.9370370000000001,0.8444440000000001,0.916667,0.8387100000000001,1.037354,1.552252,2.3010639999999998,8.930763,1.052371,1.46763,1.341433,9.521208999999999,21.134,1.077941,51.343999999999994,14.755,181,0.947082,1.0903610000000001,13.62,10.614,0.44254899999999997,38.309,5.056,166,0.399055,51.343999999999994,5.056,0,0.072986
4105,3,0.014018000000000001,3,0.106234,6,0.120252,1.153846,0.645161,1.375,0.6875,1.5,0.764706,0.8742110000000001,1.4872530000000002,1.444194,5.417673000000001,0.9898680000000001,1.8329900000000001,0.9649030000000001,4.721241,19.541,1.450511,78.59899999999999,6.12,158,0.6223770000000001,1.025974,20.355999999999998,21.171999999999997,1.145458,48.902,18.602999999999998,154,0.501628,78.59899999999999,16.46,0,0.030269
4109,6,0.161083,2,0.012294,8,0.173377,0.8,0.75,0.678261,0.8225809999999999,0.9722219999999999,0.847826,3.3974599999999997,0.884508,3.6503019999999995,10.62573,0.862431,1.648781,1.228132,5.409485,16.348,0.8766010000000001,38.164,20.403,174,0.38655,1.0,22.919,32.119,1.035835,52.968,44.482,174,0.787493,52.968,21.598000000000003,0,0.020444999999999998
4112,1,0.001141,4,0.07473400000000001,5,0.075875,1.111111,0.685714,1.055556,0.741379,1.111111,0.8260870000000001,0.903767,0.880767,4.399830000000001,11.62697,0.9438139999999999,0.8025359999999999,0.895804,4.6553,25.654,1.016402,102.98299999999999,6.3,166,0.763482,0.927374,14.833,7.62,1.1358270000000001,32.714,0.51,179,0.316759,102.98299999999999,1.26,0,0.054407000000000004
4115,7,0.088554,4,0.032363,11,0.12091700000000001,1.1349209999999998,0.8787879999999999,1.2244899999999999,0.8653850000000001,1.4,0.8421049999999999,1.029676,1.197,4.077516,9.61382,0.978033,0.615888,0.926293,4.84662,25.769000000000002,0.9026219999999999,98.25200000000001,19.44,153,0.8927450000000001,0.765,11.812000000000001,3.67,0.945155,11.773,2.745,200,0.23504499999999998,98.25200000000001,4.92,0,0.053778
4122,16,0.170204,15,0.21635500000000002,31,0.38655900000000004,1.1875,0.791045,1.149616,0.7843140000000001,1.2,0.742857,0.9948040000000001,1.085709,1.658334,6.500189,0.87572,1.107531,1.509426,6.935778,16.555,1.025336,34.181,14.295,155,0.885289,0.711009,10.73,8.011000000000001,1.083053,25.087,6.032,218,0.528008,34.181,8.496,0,0.064695
4127,12,0.176121,12,0.135847,24,0.31196799999999997,1.214286,0.872727,1.283951,0.848101,1.575,0.791667,0.998367,1.2679719999999999,1.797495,6.381465,0.987769,0.9469629999999999,1.217414,6.913964,22.941,0.937075,52.138999999999996,20.649,163,0.9228649999999999,0.75463,11.692,6.067,0.8609889999999999,13.222000000000001,5.252999999999999,216,0.40317800000000004,52.138999999999996,8.155,0,0.055441
4138,23,0.199456,11,0.039764,34,0.23922,0.7875,0.886792,0.8717950000000001,0.925532,0.875,0.9756100000000001,1.191231,1.2545,1.522482,7.323334,1.1728120000000002,0.908479,0.8488180000000001,5.126633999999999,28.269000000000002,1.2717319999999999,87.306,10.767000000000001,154,0.885084,0.709677,12.548,5.811,1.037815,41.063,1.665,217,0.376952,87.306,2.416,0,0.087072
4142,3,0.004686,8,0.109795,11,0.114482,0.9,0.8837209999999999,1.0246309999999998,0.8358209999999999,1.142857,0.75,0.917799,1.264329,1.7744790000000001,6.194469000000001,0.841576,1.0579020000000001,2.358371,11.51349,29.377,1.116264,47.122,31.905,183,0.858132,1.0517239999999999,8.421,4.0089999999999995,1.3456780000000002,17.980999999999998,2.03,174,0.263554,47.122,2.91,0,0.059202
4149,11,0.313521,7,0.229129,18,0.54265,1.090909,0.840909,0.9604739999999999,0.809524,0.975,0.8,1.313818,2.263823,3.5607290000000003,13.23112,1.0076530000000001,0.9759459999999999,1.113074,6.399608,16.366,1.809754,64.306,6.542000000000001,151,0.7657390000000001,0.853107,13.713,10.174,1.110307,29.335,6.86,177,0.801117,64.306,6.86,0,0.042703
4155,2,0.011821,6,0.080053,8,0.091874,0.571429,0.766667,0.789474,0.8703700000000001,1.0,0.916667,1.071293,0.732336,1.1407559999999999,3.639825,1.024767,0.64684,0.778343,4.407982,21.699,0.8780530000000001,101.064,9.752,175,0.7364539999999999,1.100629,11.713,6.3870000000000005,0.8553879999999999,23.421999999999997,3.091,159,0.357067,101.064,4.062,0,0.072727
4156,12,0.048761,4,0.031695,16,0.080456,0.9732620000000001,0.8627450000000001,0.9523809999999999,0.84,0.742857,0.791667,1.007516,1.180396,2.063592,5.545974,0.303712,0.932414,1.987175,8.174563000000001,15.307,0.80772,31.151999999999997,14.12,210,0.767215,1.014493,9.875,5.461,0.840794,13.979000000000001,5.1,207,0.31843299999999997,31.151999999999997,6.457999999999999,0,0.060627
4158,3,0.006677,6,0.027625,9,0.034302,0.875,0.666667,0.9375,0.717391,0.833333,0.76,0.905126,0.678111,1.760989,6.602653,0.991483,1.033844,0.591422,3.611042,10.588,1.1887860000000001,46.776,6.442,119,0.5504140000000001,0.613402,11.075,11.520999999999999,0.930528,34.933,2.5,194,0.48682200000000003,46.776,5.51,0,0.078802
4160,3,0.038567000000000004,1,0.007219,4,0.045786,0.8461540000000001,0.8695649999999999,0.872727,0.857143,0.8,0.848485,0.972024,0.777467,1.581497,4.822026,0.990291,1.3204719999999999,0.939737,5.838074,13.929,0.9776950000000001,47.192,8.05,158,0.48624300000000004,0.79397,15.770999999999999,18.403,1.025193,41.51,14.865,199,0.562285,47.192,10.411,0,0.056508
4161,1,0.002081,3,0.00645,4,0.00853,0.916667,0.8421049999999999,0.807692,0.852459,0.8,0.8695649999999999,0.9649030000000001,0.8197270000000001,1.168907,3.918929,1.019301,0.5340159999999999,1.374467,9.101691,27.701,1.126349,90.52,8.1,145,0.6720689999999999,0.736041,17.202,9.037,1.153386,24.874000000000002,1.17,197,0.33707600000000004,90.52,4.176,0,0.06713200000000001
4163,14,0.3532,9,0.238006,23,0.591206,0.923077,0.796875,1.080303,0.755319,1.272727,0.666667,1.013626,1.3013629999999998,3.613056,14.321729999999999,2.584621,1.575679,1.859691,9.569006,14.817,0.910434,27.781,14.503,202,0.956408,0.82449,17.902,18.930999999999997,1.9704139999999999,37.852,16.302,245,0.664261,37.852,15.672,0,0.04747
4170,21,0.418897,25,0.22187600000000002,46,0.6407729999999999,1.062937,0.77551,1.06902,0.835052,1.04,0.895833,0.9243969999999999,1.040848,2.317441,6.670773,0.963584,1.112868,0.8372,5.784402,21.88,1.176267,54.736999999999995,23.064,193,0.805986,1.278146,15.898,11.113,1.108243,33.852,8.162,151,0.878925,54.736999999999995,11.944,1,0.064443
4171,2,0.0011560000000000001,2,0.030154000000000004,4,0.031310000000000004,1.08,0.892857,1.0859729999999999,0.8787879999999999,1.09375,0.8684209999999999,0.9694510000000001,1.0529959999999998,2.662153,9.281568,1.0259049999999998,1.5467959999999998,1.142801,7.670991000000001,8.459,1.1067559999999999,21.845,6.146,189,0.405771,1.098837,10.640999999999998,14.035,0.9447180000000001,39.023,9.43,172,0.627471,39.023,7.21,0,0.058086
4180,5,0.028254,4,0.07875,9,0.107004,0.555556,0.7741939999999999,0.63,0.818182,0.8,0.833333,1.0867930000000001,0.802176,1.830491,4.720512,1.008008,1.078554,1.8729490000000002,8.097717999999999,16.416,0.8677219999999999,30.658,15.607999999999999,179,0.692561,1.028736,11.249,7.461,0.9920610000000001,27.162,6.76,174,0.41854300000000005,30.658,7.896,0,0.036907
4181,9,0.219354,7,0.06226,16,0.281613,0.8,0.914286,0.718935,0.8194440000000001,0.6,0.72973,0.9796020000000001,1.080999,3.095761,8.866845,0.411857,0.837363,1.3653,6.2117569999999995,14.913,0.9649780000000001,33.059,16.313,202,0.694268,0.8211379999999999,12.9,10.215,0.9100940000000001,24.498,9.603,246,0.5960880000000001,33.059,11.437000000000001,0,0.030111000000000002
4194,6,0.129315,1,0.053446,7,0.18276099999999998,0.907407,0.740741,1.098639,0.807692,1.25,0.84,0.9115559999999999,0.744483,2.517705,6.868189,0.847232,1.43412,0.938924,5.633891,18.403,1.004254,66.498,11.43,191,0.670037,0.8721459999999999,18.137,17.796,0.993195,34.75,20.965999999999998,219,0.521429,66.498,11.765,0,0.045464
4197,3,0.060423000000000004,4,0.037426,7,0.097849,1.05,0.6153850000000001,0.84,0.723404,0.8,0.857143,0.934642,1.015491,3.0521,10.91008,1.194731,0.726911,0.9215469999999999,5.110782,22.155,1.0241870000000002,73.53699999999999,5.462999999999999,172,0.588237,1.042424,15.769,10.181000000000001,0.962989,22.71,10.052,165,0.506416,73.53699999999999,9.911,0,0.031814999999999996
4198,0,0.0,0,0.0,0,0.0,0.84,0.722222,1.0,0.75,1.5,0.777778,0.9240889999999999,0.9779329999999999,1.984909,5.731427,1.074977,1.767307,1.585503,12.002130000000001,30.436,1.1698959999999998,90.41799999999999,14.745999999999999,143,0.533166,0.9930559999999999,28.538,26.64,1.224068,91.23899999999999,17.65,144,0.466834,91.23899999999999,16.198,0,0.044891
4209,8,0.310384,9,0.348752,17,0.6591359999999999,0.818182,0.766667,0.8636360000000001,0.804878,0.9047620000000001,0.826923,0.98034,0.9269719999999999,4.056824,9.219674000000001,0.987382,0.480839,1.6142379999999998,11.66514,22.861,0.590742,97.445,10.772,166,0.697382,0.779343,21.066,4.91,0.7086020000000001,4.91,4.91,213,0.977345,97.445,8.746,0,0.023107
4212,3,0.005431,1,0.03044,4,0.035871,0.925926,0.8636360000000001,1.09375,0.8863639999999999,1.333333,0.909091,0.9912290000000001,0.758895,2.3230020000000002,6.578544,1.0420690000000001,0.747209,1.155988,5.331405,30.173000000000002,1.086064,53.003,29.213,205,0.540601,1.40411,20.925,15.787,0.994193,41.526,17.762999999999998,146,0.49663599999999997,53.003,20.332,0,0.036673000000000004
4216,5,0.177707,4,0.133716,9,0.311424,0.984375,0.851852,0.931373,0.907407,1.0,0.9629629999999999,1.073928,1.137573,2.236208,5.784763,1.037313,1.085261,1.508324,5.89816,16.750999999999998,1.115356,50.297,12.25,209,0.665673,1.259036,16.305999999999997,15.683,0.966792,37.841,8.631,166,0.651458,50.297,10.440999999999999,0,0.017995
4220,3,0.040975,0,0.0,3,0.040975,0.8888889999999999,0.875,1.0317459999999998,0.9152540000000001,1.166667,0.9629629999999999,0.9053709999999999,0.926049,2.365417,9.287486999999999,0.888289,1.068925,0.68361,4.950705999999999,12.015,1.005917,47.29600000000001,7.595,157,0.509933,1.012903,16.023,24.041,1.6582400000000002,63.239,15.335999999999999,155,0.533199,63.239,8.87,0,0.050004
4222,1,0.000321,0,0.0,1,0.000321,1.0,0.727273,0.933333,0.714286,1.333333,0.555556,1.086066,1.002246,2.875432,9.282573,0.9267299999999999,0.81907,0.737167,3.182445,26.663,0.9421149999999999,120.936,7.08,157,0.656514,0.9691360000000001,21.875999999999998,16.291,1.0401770000000001,33.488,10.652999999999999,162,0.34382399999999996,120.936,10.312999999999999,1,0.048794
4225,4,0.011811,2,0.003654,6,0.015465999999999999,1.181818,0.777778,1.234568,0.763889,1.361905,0.755556,0.849958,1.216648,1.5952819999999999,5.832319,1.0176120000000002,1.382309,1.864536,9.051007,10.344000000000001,1.202257,47.205,1.445,156,0.505211,0.732394,10.435,10.527000000000001,1.039958,56.876999999999995,4.877,213,0.512003,56.876999999999995,3.265,0,0.101551
4238,15,0.309777,9,0.069074,24,0.37885100000000005,1.037037,0.897436,1.055195,0.8783780000000001,1.057692,0.857143,0.990284,1.2572370000000002,1.807266,6.949988,0.918939,1.3305049999999998,0.9684450000000001,7.25737,17.197,1.431646,43.977,12.485,167,0.813184,0.8652850000000001,14.142000000000001,9.941,1.164293,42.773,5.809,193,0.585871,43.977,9.933,0,0.050631999999999996
4240,5,0.027993999999999998,2,0.006993999999999999,7,0.034988,1.296296,0.791667,1.318841,0.836364,1.333333,0.8709680000000001,0.910071,0.685739,1.358596,4.834635,0.972068,0.6979920000000001,0.844749,4.125057,18.945,1.172577,51.888000000000005,12.3,159,0.5960770000000001,0.8983049999999999,13.152000000000001,9.141,1.030566,27.961,6.1,177,0.442176,51.888000000000005,9.991,0,0.085359
4251,6,0.071906,3,0.002259,9,0.074165,0.914286,0.8888889999999999,0.864828,0.8684209999999999,0.980769,0.825,0.8728799999999999,0.749675,4.034991000000001,9.827580000000001,1.064762,1.137861,1.74732,8.159403999999999,12.355,1.072722,40.536,8.981,155,0.682565,0.738095,8.294,4.9110000000000005,1.129852,21.221999999999998,2.11,210,0.401163,40.536,3.88,0,0.114212
4254,2,0.005398,3,0.003192,5,0.00859,0.833333,0.8461540000000001,1.2,0.792453,1.3125,0.740741,0.891856,1.143413,2.84163,7.946083,1.0602200000000002,1.154947,1.545333,7.666313000000001,10.186,1.382255,32.247,4.4,133,0.406435,0.841772,11.59,12.876,1.2490569999999999,46.208999999999996,6.827000000000001,158,0.6031479999999999,46.208999999999996,4.63,0,0.10366500000000001
4271,2,0.022655,2,0.066565,4,0.08922000000000001,0.818182,0.837838,0.916667,0.8656719999999999,0.984375,0.9,0.940642,1.728718,1.072961,3.656558,0.9738610000000001,1.553952,1.7400330000000002,10.83297,18.774,1.1203290000000001,35.663000000000004,16.194000000000003,189,0.671304,0.818182,13.782,10.038,1.210617,36.991,3.745,231,0.422098,36.991,10.78,0,0.044774
4295,2,0.007351000000000001,4,0.13096300000000002,6,0.13831400000000002,1.012987,0.857143,1.133523,0.807018,1.6,0.727273,0.996187,0.759393,2.712597,5.77133,0.9532,0.726023,0.832385,4.051166,19.146,0.979117,43.31100000000001,19.84,208,0.705705,1.061224,20.195999999999998,21.070999999999998,0.885993,43.95,18.637,196,0.434366,43.95,19.84,0,0.012544
4305,3,0.004457,4,0.217034,7,0.221491,1.0,1.0,0.776471,0.8846149999999999,0.923077,0.7,1.301345,1.077861,2.677925,6.8772199999999994,0.990518,1.2116770000000001,0.7863680000000001,4.135943,12.460999999999999,0.725875,39.078,7.145,168,0.595823,0.933333,23.805999999999997,37.42,0.8496020000000001,96.698,24.561,180,0.623267,96.698,18.614,0,0.011255
4310,2,0.001978,5,0.013125999999999999,7,0.015104,1.5,0.666667,1.349112,0.75,1.272727,0.833333,1.033608,1.073102,2.610824,7.249776,0.813337,0.967183,1.207036,5.170227,16.9,0.957059,66.444,13.72,169,0.539977,1.083333,14.683,13.130999999999998,1.353783,43.141000000000005,6.95,156,0.475758,66.444,10.850999999999999,0,0.040139
4319,6,0.100362,2,0.013056,8,0.113418,1.133333,0.771429,0.847059,0.701493,0.777778,0.625,0.992395,0.9276209999999999,1.324175,5.969164,1.2536770000000002,1.108649,0.824364,4.874034,18.53,0.9378209999999999,26.962,23.445,182,0.554525,1.1592360000000002,21.319000000000003,22.913,0.49217700000000003,115.59700000000001,4.703,157,0.563079,115.59700000000001,10.51,0,0.035598000000000005
4324,8,0.119273,7,0.052289999999999996,15,0.171562,1.083333,0.9393940000000001,0.989783,0.84,0.9,0.785714,0.959176,0.9775809999999999,1.6747599999999998,4.82846,0.983741,2.169736,1.8513700000000002,10.27236,6.516,0.8627020000000001,20.070999999999998,4.312,177,0.470012,0.8468899999999999,9.881,15.08,1.1954360000000002,40.434,11.470999999999998,209,0.716959,40.434,5.5,0,0.082412
4333,2,0.0021030000000000003,1,0.005909,3,0.008012,0.9615379999999999,0.740741,0.883117,0.72,0.729167,0.695652,0.932533,1.257842,1.7857,6.062572,1.0162,1.9553459999999998,1.475907,8.543508000000001,15.515999999999998,1.057348,67.135,9.775,168,0.540325,0.893617,16.212,17.081,0.8914549999999999,68.92699999999999,7.011,188,0.46826999999999996,68.92699999999999,8.836,0,0.06777799999999999
4338,1,0.00358,6,0.179115,7,0.182695,0.916667,0.86,1.027668,0.8405799999999999,1.333333,0.8421049999999999,0.9961639999999999,0.863109,3.687319,9.657106,0.946836,0.7792279999999999,0.671623,3.344464,56.48,1.077695,64.249,56.48,167,0.7985909999999999,0.869792,29.156999999999996,18.227999999999998,0.857635,50.74,12.244000000000002,192,0.383277,64.249,16.441,0,0.01215
4343,0,0.0,3,0.16556400000000002,3,0.16556400000000002,0.75,0.681818,1.1403510000000001,0.72,1.8,0.75,0.86918,1.84808,2.1016880000000002,6.070312,0.986392,0.6982149999999999,0.852675,4.74105,22.506,1.6729900000000002,73.07,8.217,142,0.47738800000000003,0.9726030000000001,37.243,51.98,1.143276,117.715,43.876000000000005,146,0.689979,117.715,12.972999999999999,0,0.010772
4350,12,0.205474,4,0.010928,16,0.216403,1.244444,0.727273,1.603365,0.779221,1.416667,0.795455,1.163513,0.9272520000000001,2.052952,6.6977899999999995,1.080605,1.46915,1.641275,9.425098,12.071,0.864917,32.94,5.905,210,0.55299,1.055276,11.505999999999998,10.940999999999999,1.176607,38.945,3.85,199,0.674021,38.945,5.393,0,0.046729
4353,13,0.129681,12,0.18946300000000002,25,0.319144,1.0,0.9322030000000001,1.131429,0.890244,1.714286,0.782609,0.8668459999999999,1.225641,1.262413,4.907811,1.171844,0.6308739999999999,0.8830290000000001,5.209303,24.688000000000002,1.572093,39.675,32.221,218,0.905443,0.95614,20.557,17.605999999999998,0.485404,59.808,14.15,228,0.4227,59.808,16.125999999999998,0,0.032794
4367,8,0.17839100000000002,4,0.024212,12,0.202603,0.818182,0.7241380000000001,0.8735629999999999,0.8235290000000001,0.882353,0.897436,0.9807870000000001,0.8899610000000001,3.05832,6.966916,1.0444930000000001,0.6411819999999999,0.810654,5.571016999999999,13.720999999999998,1.087958,40.334,8.491,149,0.5834590000000001,0.823204,14.922,16.811,1.032214,43.941,10.181000000000001,181,0.623165,43.941,9.336,0,0.019459999999999998
4372,1,0.003085,1,0.085089,2,0.088174,1.5,0.8888889999999999,1.203125,0.837209,1.2,0.8,1.070797,1.188029,1.245968,3.459447,0.8400549999999999,0.927025,1.4132639999999999,7.6801520000000005,18.154,0.855718,27.234,18.13,190,0.489684,1.0270270000000001,20.334,21.968000000000004,1.180419,58.684,22.750999999999998,185,0.60143,58.684,21.226,0,0.032264
4374,7,0.24369699999999997,6,0.097399,13,0.341095,0.5,0.777778,0.777778,0.815385,0.909091,0.829787,1.012913,0.991505,1.652092,4.355915,0.9807040000000001,1.070654,2.434686,10.225,9.02,1.22017,29.090999999999998,2.75,176,0.397598,1.1578950000000001,14.485,50.013000000000005,1.6840700000000002,95.85600000000001,50.013000000000005,152,0.95326,95.85600000000001,4.17,0,0.027825
4379,5,0.078432,5,0.25893,10,0.337362,0.764706,0.8636360000000001,0.8,0.8888889999999999,0.75,0.947368,0.983489,2.06216,2.336121,6.058169,0.9426209999999999,1.076062,3.3068989999999996,10.10105,30.418000000000003,1.4277950000000001,61.136,18.4,200,0.808296,1.041667,23.541,15.517999999999999,1.683558,28.34,15.453,192,0.533787,61.136,18.4,0,0.013800999999999999
4383,2,0.025870999999999998,2,0.002682,4,0.028554000000000003,1.111111,0.9285709999999999,0.8347829999999999,0.857143,0.75,0.8,1.0033809999999999,1.429368,2.957134,7.947394999999999,0.97995,2.033921,1.35554,8.51665,14.004000000000001,1.071713,35.378,12.463,165,0.5306270000000001,1.0509549999999999,12.962,12.015,1.25401,31.026,11.94,157,0.500829,35.378,11.94,1,0.09229
4519,24,0.436566,7,0.085586,31,0.5221520000000001,1.153846,0.8235290000000001,1.083333,0.847826,0.9917360000000001,0.878049,1.017148,0.544678,1.321112,9.09246,0.897497,0.997917,2.3487669999999996,11.52856,15.925,1.483216,30.134,14.155,168,0.864353,0.848485,14.334000000000001,12.744000000000002,1.35,30.119,9.39,198,0.712733,30.134,12.427999999999999,2,0.095193
4594,7,0.019021,11,0.168284,18,0.187305,1.111111,0.909091,1.0214290000000001,0.8955219999999999,0.9350649999999999,0.882353,1.003004,0.824477,1.209322,4.148471,0.990958,1.195616,1.380659,7.323983,9.593,1.040697,38.813,4.13,181,0.6023850000000001,0.845794,10.235,10.93,1.079,44.93600000000001,4.87,214,0.601553,44.93600000000001,4.13,0,0.081558
4615,0,0.0,6,0.008364,6,0.008364,0.8,0.6875,0.9285709999999999,0.788462,0.714286,0.833333,0.916741,0.7543340000000001,2.539278,6.878005,0.981234,1.019376,0.602548,3.543972,11.36,1.388016,42.783,8.488,174,0.306359,0.966667,19.019000000000002,25.721,1.0118280000000002,58.716,24.203000000000003,180,0.702204,58.716,8.52,0,0.023286
4626,18,0.5049600000000001,5,0.065684,23,0.570645,1.269231,0.875,1.15,0.872549,1.069444,0.8695649999999999,0.939789,0.25087,0.7063649999999999,4.11956,0.878223,1.0712540000000002,1.403556,7.257255000000001,38.503,1.385163,85.17299999999999,31.91,176,0.9205469999999999,0.956522,23.948,13.552,1.136459,54.318999999999996,5.001,184,0.708938,85.17299999999999,15.047,0,0.093474
4628,2,0.011573,0,0.0,2,0.011573,0.7,0.8,1.015385,0.837838,1.25,0.916667,0.9226629999999999,0.811348,1.73899,5.407546,1.026869,0.7769729999999999,0.944615,4.671208999999999,35.815,1.473265,138.569,17.340999999999998,152,0.732123,0.8786129999999999,27.225,16.916,1.061527,50.348,6.05,173,0.279754,138.569,11.11,0,0.025563
4641,4,0.017327000000000002,11,0.134677,15,0.152004,1.142857,0.71875,1.244444,0.732143,1.244444,0.75,0.925465,1.012442,2.5172,6.353694,1.063157,0.728904,1.397572,7.584924000000001,16.796,1.189187,26.441,21.125,181,0.75067,0.905,12.245999999999999,8.746,0.831571,18.552,7.376,200,0.409463,26.441,13.11,0,0.050757
4644,2,0.196714,4,0.211139,6,0.407854,0.0,0.772727,0.9285709999999999,0.754386,0.0,0.742857,0.913402,0.7946479999999999,1.8422830000000001,4.299536,1.1100889999999999,1.599172,0.930866,4.4948879999999996,12.905,0.709585,17.613,13.812000000000001,183,0.611065,1.14375,24.232,30.704,1.153775,74.74600000000001,33.059,160,0.8026369999999999,74.74600000000001,17.613,0,0.014137
4664,10,0.41963900000000004,7,0.18043900000000002,17,0.600078,1.6,0.756757,1.5921049999999999,0.727273,1.6900580000000003,0.709677,1.025456,0.9046370000000001,3.260316,8.135857000000001,1.004443,1.370244,0.9406399999999999,7.180295,20.838,1.3373979999999999,69.133,18.613,191,0.651519,0.936275,20.049,16.497,1.0985610000000001,21.575,16.497,204,0.9738889999999999,69.133,18.613,0,0.040501
4675,7,0.156102,13,0.169433,20,0.32553499999999996,0.75,0.7608699999999999,0.847826,0.7977529999999999,0.9285709999999999,0.837209,1.0949309999999999,0.848165,2.496889,7.895174000000001,1.038872,0.796303,1.7265099999999998,8.283907000000001,14.792,1.013952,38.459,15.956,234,0.6983779999999999,1.1359219999999999,11.025,8.334,0.7515609999999999,23.271,7.037000000000001,206,0.637575,38.459,8.099,0,0.031010000000000003
4681,7,0.264658,6,0.07582699999999999,13,0.340485,1.155556,0.84,1.0434780000000001,0.892308,1.0,0.925,1.090826,0.9668030000000001,2.243328,6.3972370000000005,1.183556,1.248879,0.961355,4.372229,15.315999999999999,0.861825,44.316,13.947000000000001,243,0.530069,1.43787,15.629000000000001,15.975999999999999,0.9674200000000001,41.908,12.567,169,0.8279280000000001,44.316,12.567,0,0.048916
4687,5,0.150579,2,0.009795,7,0.160374,1.0,0.916667,1.0931680000000001,0.8947370000000001,1.063636,0.8787879999999999,1.098632,1.073874,1.517764,3.97971,0.922985,1.430609,1.857736,8.638705,13.15,1.010526,43.466,8.753,200,0.529442,1.086957,15.127,17.104,1.160909,37.681,12.85,184,0.639143,43.466,10.63,0,0.048708
4688,6,0.070251,3,0.034223,9,0.104475,0.6,0.852941,0.914286,0.8245610000000001,0.9375,0.782609,0.937243,1.230294,2.498084,5.8456019999999995,0.947649,1.005623,1.15436,5.941585,19.425,1.198652,60.368,15.296,203,0.586847,1.194118,14.892000000000001,12.007,1.1802219999999999,39.934,4.61,170,0.5239189999999999,60.368,7.347,0,0.056796000000000006
4707,22,0.41458500000000004,23,0.204898,45,0.619484,1.307692,0.854167,1.131528,0.87931,1.054167,0.897059,0.9958889999999999,1.51504,1.928986,8.223277000000001,0.9183520000000001,1.0580690000000001,1.016071,6.825322,14.709000000000001,0.215957,43.516000000000005,12.534,120,0.708368,0.666667,14.328,13.492,0.9792540000000001,53.426,4.1339999999999995,180,0.9390879999999999,53.426,7.638999999999999,0,0.061458000000000006
4709,6,0.069951,6,0.013703,12,0.08365399999999999,1.4,0.866667,1.454545,0.852941,1.5,0.8421049999999999,0.95136,1.099086,1.5853059999999999,4.879035,0.9597680000000001,0.840883,1.158925,6.2239059999999995,11.482000000000001,1.0859729999999999,21.022,14.363,197,0.48245,1.158824,11.375,11.296,0.99645,41.74,5.957999999999999,170,0.605229,41.74,8.91,0,0.045915
4718,9,0.054451,5,0.061877,14,0.116328,1.2,0.684211,1.050909,0.6825399999999999,1.066667,0.64,0.992065,2.35195,1.8085759999999997,6.205506,1.077165,0.627019,1.067475,6.6121479999999995,13.225999999999999,1.1484299999999998,48.803000000000004,3.95,239,0.644478,1.6597220000000001,10.825,8.624,0.688229,25.36,5.516,144,0.481292,48.803000000000004,4.902,0,0.075074
4720,14,0.28010300000000005,8,0.122125,22,0.402229,1.05,0.772727,1.0827069999999999,0.803571,1.0,0.8235290000000001,0.905366,0.9002190000000001,2.8908810000000003,8.163321,1.049982,1.215152,1.035091,6.953339,10.367,1.122509,23.096,7.8020000000000005,178,0.532652,1.141026,11.963,14.755999999999998,0.760811,29.441,14.350999999999999,156,0.8907870000000001,29.441,10.329,0,0.050089
4725,26,0.395121,11,0.3856,37,0.780721,1.026667,0.8870969999999999,1.098745,0.9043479999999999,1.148148,0.924528,0.9765969999999999,1.178988,1.350075,6.633974,0.9626379999999999,1.170244,1.365437,6.585139999999999,58.69,1.104642,58.69,58.69,217,0.9662219999999999,1.09596,55.226000000000006,54.361000000000004,2.066667,200.75,6.921,198,0.82045,200.75,8.402000000000001,0,0.0075650000000000005
4759,5,0.088935,10,0.23329699999999998,15,0.322231,1.111111,0.791667,0.9714290000000001,0.7796609999999999,0.763636,0.742857,0.308046,1.009952,2.9703150000000003,8.704930000000001,0.9609409999999999,1.692837,0.685552,4.487508,14.319,1.0114040000000002,32.036,10.552999999999999,166,0.733337,0.954023,12.985,12.165,1.042245,46.098,7.102,174,0.599346,46.098,8.123,0,0.031415
4804,5,0.104368,0,0.0,5,0.104368,1.028571,0.866667,0.941176,0.8,0.907407,0.68,0.9674209999999999,1.1642860000000002,0.8847959999999999,2.854389,2.27084,0.9569129999999999,0.817547,3.6409019999999996,9.033999999999999,1.004993,19.674,10.380999999999998,187,0.647079,0.8738319999999999,8.047,7.257999999999999,1.007368,22.340999999999998,4.42,214,0.46583100000000005,22.340999999999998,5.27,0,0.075658
4811,46,0.39216100000000004,19,0.16285,65,0.5550109999999999,1.192593,0.8709680000000001,1.191591,0.909639,1.431818,0.945205,1.0783530000000001,1.068884,1.486065,5.0744739999999995,0.93815,1.471444,1.801462,7.88485,8.54,1.456166,8.54,8.54,201,0.957736,0.961722,14.999,15.537,1.1316950000000001,98.745,3.915,209,0.61155,98.745,4.73,0,0.025077000000000002
4831,4,0.0043630000000000006,5,0.008487999999999999,9,0.012851,0.0,0.7391300000000001,1.640625,0.770833,0.0,0.76,0.9032030000000001,1.151199,4.526997,8.486361,1.019784,1.6873790000000002,1.594125,7.584097,17.843,1.1272870000000002,68.173,0.8,182,0.420175,1.116564,27.823,45.29,0.899199,142.679,18.775,163,0.592865,142.679,1.18,0,0.014528
4840,0,0.0,5,0.12189000000000001,5,0.12189000000000001,1.5,0.787879,1.0,0.7735850000000001,0.590909,0.7,0.27471,1.81922,2.891375,9.373094,12.86341,0.9869209999999999,0.5967279999999999,5.567131,28.968000000000004,0.820902,78.914,16.506,189,0.69812,1.021622,17.521,11.277000000000001,1.1847729999999999,64.258,5.17,185,0.430141,78.914,10.360999999999999,0,0.049675
4843,3,0.003339,1,6.68e-05,4,0.003406,0.0,0.769231,1.304348,0.7906979999999999,0.0,0.764706,0.983873,1.1749100000000001,2.3374479999999997,5.706437,0.936213,1.693383,1.47282,7.3280330000000005,37.79,1.630583,56.489,52.16,161,0.638039,0.947059,33.173,27.403000000000002,1.45844,47.931000000000004,24.02,170,0.36540500000000004,56.489,29.621,0,0.011165999999999999
4863,5,0.17011600000000002,1,0.02135,6,0.191465,1.0,0.857143,1.069519,0.857143,1.181818,0.857143,1.186639,0.641733,2.438122,5.792983,0.9873040000000001,1.644261,1.779565,8.062755000000001,21.715,1.239144,87.80799999999999,7.061,203,0.599439,0.9950979999999999,21.259,20.531,0.831635,44.295,21.322,204,0.5944550000000001,87.80799999999999,7.42,0,0.012526
4868,9,0.25976,3,0.072437,12,0.33219699999999996,0.9,0.891892,0.909091,0.8253969999999999,0.897436,0.730769,1.18631,0.903386,2.161641,6.916293,1.0539690000000002,0.703793,1.581626,8.940882,19.326,1.17766,35.217,26.184,208,0.694427,1.283951,17.125,14.610999999999999,0.902538,53.095,6.48,162,0.650645,53.095,12.427999999999999,0,0.037308999999999995
4891,1,0.111569,5,0.35881599999999997,6,0.470384,0.75,0.8636360000000001,0.761905,0.8870969999999999,0.8,0.9444440000000001,0.909284,1.111301,3.178761,8.325139,1.106052,1.098393,1.459629,6.622128,10.166,0.9710290000000001,13.352,10.166,212,0.9674360000000001,0.8412700000000001,21.45,25.211,0.8877379999999999,107.09299999999999,9.72,252,0.513107,107.09299999999999,10.166,0,0.021138999999999998
4905,5,0.02621,9,0.12361300000000001,14,0.149823,1.3538459999999999,0.775,1.545455,0.701493,0.914286,0.592593,0.888706,1.56703,1.468677,6.094009,1.040484,0.954607,0.740225,5.203702,25.393,1.1398760000000001,60.949,16.021,196,0.731278,1.225,14.183,9.009,1.5106680000000001,35.472,5.718,160,0.429854,60.949,5.718,0,0.07017999999999999
